Sample_number,Category,PlateID,Macrogen_order,Remark,Sequence,Conflicts,Description,Scientific_name,Common_name,Max_score,Total_score,Query_cover,Evalue,Identity,Accession_length,Accession,Sequence_length,Sequence_FASTA
BC4121,sample,plateCO1_01,HC00370264,none,consensus,14,"Anopheles vagus isolate VBS00157 cytochrome c oxidase subunit I (COX1) gene, partial cds; mitochondrial",Anopheles vagus,Anopheles vagus,411,411,100%,2.00E-110,99.56,616,MW603492.1,0,
BC4103,sample,plateCO1_01,HC00370264,none,consensus,2,"Anopheles vagus voucher Viet_E-3 cytochrome oxidase subunit 1 (COI) gene, partial cds; mitochondrial",Anopheles vagus,Anopheles vagus,551,551,99%,2.00E-152,100,649,MH425440.1,0,
BC4339,sample,plateCO1_02,HC00370264,none,consensus,2,"Anopheles vagus voucher EHI/01-100510 cytochrome c oxidase subunit 1 (COX1) gene, partial cds; mitochondrial",Anopheles vagus,Anopheles vagus,584,584,100%,2.00E-162,99.38,683,KF564691.1,0,
BC4392,sample,plateCO1_02,HC00370264,none,consensus,0,"Anopheles vagus voucher Viet_E-3 cytochrome oxidase subunit 1 (COI) gene, partial cds; mitochondrial",Anopheles vagus,Anopheles vagus,610,610,100%,3.00E-170,99.7,649,MH425440.1,0,
BC4233,sample,plateCO1_02,HC00370264,none,consensus,1,"Anopheles vagus haplotype 33 cytochrome oxidase subunit 1 (CO1) gene, partial cds; mitochondrial",Anopheles vagus,Anopheles vagus,586,586,100%,5.00E-163,99.38,472,GQ284764.1,0,
BC4236,sample,plateCO1_02,HC00370264,none,consensus,11,"Anopheles vagus haplotype 30 cytochrome oxidase subunit 1 (CO1) gene, partial cds; mitochondrial",Anopheles vagus,Anopheles vagus,503,503,100%,4.00E-138,99.28,472,GQ284761.1,0,
BC4281,sample,plateCO1_02,HC00370264,none,consensus,0,"Anopheles vagus voucher Viet_E-5 cytochrome oxidase subunit 1 (COI) gene, partial cds; mitochondrial",Anopheles vagus,Anopheles vagus,586,586,100%,5.00E-163,99.38,649,MH425442.1,0,
BC4223,sample,plateCO1_02,HC00370264,none,consensus,0,"Anopheles vagus haplotype 72 cytochrome oxidase subunit 1 (CO1) gene, partial cds; mitochondrial",Anopheles vagus,Anopheles vagus,592,592,100%,1.00E-164,99.69,472,GQ284803.1,0,
BC4353,sample,plateCO1_02,HC00370264,none,consensus,5,"Anopheles vagus haplotype 30 cytochrome oxidase subunit 1 (CO1) gene, partial cds; mitochondrial",Anopheles vagus,Anopheles vagus,582,582,100%,6.00E-162,99.08,472,GQ284761.1,0,
BC4697,sample,plateCO1_03,HC00370264,none,consensus,3,"Anopheles vagus voucher Viet_E-5 cytochrome oxidase subunit 1 (COI) gene, partial cds; mitochondrial",Anopheles vagus,Anopheles vagus,538,538,100%,1.00E-148,98.06,649,MH425442.1,0,
BC4889,sample,plateCO1_03,HC00370264,none,consensus,10,"Anopheles vagus voucher Viet_E-3 cytochrome oxidase subunit 1 (COI) gene, partial cds; mitochondrial",Anopheles vagus,Anopheles vagus,558,558,100%,1.00E-154,99.67,649,MH425440.1,0,
BC5405,sample,plateCO1_03,HC00370264,none,consensus,3,"Anopheles vagus haplotype 44 cytochrome oxidase subunit 1 (CO1) gene, partial cds; mitochondrial",Anopheles vagus,Anopheles vagus,584,584,100%,2.00E-162,99.69,472,GQ284775.1,0,
BC4891,sample,plateCO1_03,HC00370264,none,consensus,3,"Anopheles vagus haplotype 34 cytochrome oxidase subunit 1 (CO1) gene, partial cds; mitochondrial",Anopheles vagus,Anopheles vagus,544,544,100%,3.00E-150,99.66,472,GQ284765.1,0,
BC4703,sample,co1,HC00337842,poor signal,consensus,5,"Bos indicus breed Kasargode mitochondrion, complete genome",Bos indicus,cattle,436,436,1,4.00E-118,91.54,16320,MF667930.1,318,AGAAAAGTGTTGGTATAGAATGGGATCTCCTCCTCCGGCCGGGTCGAAGAAAGTGGTATTTAGGTTCCGGTCTGTTAATAGCATAGTGATGCCGGCAGCTAGGACAGGGAGAGAGAGTAGAAGTAGGACGGCGGTAATTAGGACGGATCAGACGAAGAGGGGGGTTTGGTATTGGGACATGGCGGGGGGTTTTATATTGATAATTGTTGTGATGAAATTGATGGCTCCTAAAATAGAGGAAACTCCTGCTAAGGTGTAAAGGAGAAAATGGTTAGATCTACTGAAGCTCCTGGGTGGGCTAGGTTGCCTGCTAAGGGA
BC0757,sample,plateCO1_01,HC00370264,none,consensus,2,"Bos indicus breed Trinket cattle mitochondrion, complete genome",Bos indicus,cattle,510,510,100%,2.00E-140,100,16341,MK335920.1,0,
BC0687,sample,plateCO1_01,HC00370264,none,consensus,15,"Bos indicus breed Trinket cattle mitochondrion, complete genome",Bos indicus,cattle,499,499,100%,5.00E-137,100,16341,MK335920.1,0,
BC0746,sample,plateCO1_01,HC00370264,none,consensus,2,"Bos indicus breed Trinket cattle mitochondrion, complete genome",Bos indicus,cattle,544,544,100%,3.00E-150,100,16341,MK335920.1,0,
BC4393,sample,plateCO1_02,HC00370264,none,consensus,5,"Bos indicus breed Trinket cattle mitochondrion, complete genome",Bos indicus,cattle,588,588,100%,1.00E-163,100,16341,MK335920.1,0,
BC4372,sample,plateCO1_02,HC00370264,none,consensus,18,"Bos indicus voucher ZSI/SRC B-115 cytochrome c oxidase subunit 1 (CO1) gene, partial cds; mitochondrial",Bos indicus,cattle,411,411,100%,2.00E-110,95.37,404,MN102707.1,0,
BC4906,sample,plateCO1_03,HC00370264,none,consensus,11,"Bos indicus voucher ZSI/SRC B-115 cytochrome c oxidase subunit 1 (CO1) gene, partial cds; mitochondrial",Bos indicus,cattle,542,542,100%,9.00E-150,99.66,404,MN102707.1,0,
BC5159,sample,plateCO1_03,HC00370264,none,consensus,7,"Bos indicus breed Trinket cattle mitochondrion, complete genome",Bos indicus,cattle,597,597,100%,2.00E-166,100,16341,MK335920.1,0,
BC5201,sample,plateCO1_03,HC00370264,none,consensus,10,"Bos indicus voucher ZSI/SRC B-115 cytochrome c oxidase subunit 1 (CO1) gene, partial cds; mitochondrial",Bos indicus,cattle,534,534,100%,2.00E-147,99.66,404,MN102707.1,0,
BC4535,sample,plateCO1_03,HC00370264,none,consensus,4,"Bos indicus voucher ZSI/SRC B-115 cytochrome c oxidase subunit 1 (CO1) gene, partial cds; mitochondrial",Bos indicus,cattle,532,532,100%,6.00E-147,99.32,404,MN102707.1,0,
BC4908,sample,plateCO1_03,HC00370264,none,consensus,6,"Bos indicus breed Trinket cattle mitochondrion, complete genome",Bos indicus,cattle,595,595,99%,8.00E-166,99.09,16341,MK335920.1,0,
BC5161,sample,plateCO1_03,HC00370264,none,consensus,6,"Bos indicus voucher ZSI/SRC B-115 cytochrome c oxidase subunit 1 (CO1) gene, partial cds; mitochondrial",Bos indicus,cattle,542,542,99%,9.00E-150,99.66,404,MN102707.1,0,
BC5203,sample,plateCO1_03,HC00370264,none,consensus,2,"Bos indicus breed Trinket cattle mitochondrion, complete genome",Bos indicus,cattle,599,599,100%,6.00E-167,100,16341,MK335920.1,0,
BC4537,sample,plateCO1_03,HC00370264,none,consensus,12,"Bos indicus voucher ZSI/SRC B-115 cytochrome c oxidase subunit 1 (CO1) gene, partial cds; mitochondrial",Bos indicus,cattle,366,366,100%,5.00E-97,97.24,404,MN102707.1,0,
BC0545,sample,co1,HC00337842,none,consensus,0,"Bos taurus isolate WZ50 mitochondrion, complete genome",Bos taurus,cattle,595,595,1,7.00E-166,100,16338,MN714218.1,322,TGTTGGTATAGAATAGGATCTCCTCCTCCTGCCGGGTCGAAGAAAGTTGTATTTAGGTTCCGGTCTGTTAATAGCATTGTGATGCCGGCTGCTAATACAGGGAGCGAGAGTAGTAGTAGTACGGCGGTAATTATTACGGATCATACGAATAGAGGGGTTTGGTATTGTGACATTGCGGGGGGCTTTATGTTGATAATTGTTGTAATGAAGTTGATGGCTCCTAAAATTGAGGAAACTCCTGCTAAGTGTAAAGAGAAAATGGTTAGATCAACTGAAGCTCCTGCATGGGCTAGGTTGCCTGCTAAGGGAGGGTACACGGTTC
BC0547,sample,co1,HC00337842,none,consensus,0,"Bos taurus isolate WZ50 mitochondrion, complete genome",Bos taurus,cattle,592,592,1,9.00E-165,100,16338,MN714218.1,320,TTGGTATAGAATAGGATCTCCTCCTCCTGCCGGGTCGAAGAAAGTTGTATTTAGGTTCCGGTCTGTTAATAGCATTGTGATGCCGGCTGCTAATACAGGGAGCGAGAGTAGTAGTAGTACGGCGGTAATTATTACGGATCATACGAATAGAGGGGTTTGGTATTGTGACATTGCGGGGGGCTTTATGTTGATAATTGTTGTAATGAAGTTGATGGCTCCTAAAATTGAGGAAACTCCTGCTAAGTGTAAAGAGAAAATGGTTAGATCAACTGAAGCTCCTGCATGGGCTAGGTTGCCTGCTAAGGGAGGGTACACGGTTC
BC0548,sample,co1,HC00337842,none,consensus,0,"Bos taurus isolate WZ50 mitochondrion, complete genome",Bos taurus,cattle,575,575,1,9.00E-160,100,16338,MN714218.1,311,GTGTACCCTCCCTTAGCAGGCAACCTAGCCCATGCAGGAGCTTCAGTTGATCTAACCATTTTCTCTTTACACTTAGCAGGAGTTTCCTCAATTTTAGGAGCCATCAACTTCATTACAACAATTATCAACATAAAGCCCCCCGCAATGTCACAATACCAAACCCCTCTATTCGTATGATCCGTAATAATTACCGCCGTACTACTACTACTCTCGCTCCCTGTATTAGCAGCCGGCATCACAATGCTATTAACAGACCGGAACCTAAATACAACTTTCTTCGACCCGGCAGGAGGAGGAGATCCTATTCTATA
BC0556,sample,co1,HC00337842,none,consensus,1,"Bos taurus isolate WZ50 mitochondrion, complete genome",Bos taurus,cattle,582,582,1,5.00E-162,99.69,16338,MN714218.1,318,GTTGGTATAGAATAGGATCTCCTCCTCCCGCCGGGTCGAAGAAAGTTGTATTTAGGTTCCGGTCTGTTAATAGCATTGTGATGCCGGCTGCTAATACAGGGAGCGAGAGTAGTAGTAGTACGGCGGTAATTATTACGGATCATACGAATAGAGGGGTTTGGTATTGTGACATTGCGGGGGGCTTTATGTTGATAATTGTTGTAATGAAGTTGATGGCTCCTAAAATTGAGGAAACTCCTGCTAAGTGTAAAGAGAAAATGGTTAGATCAACTGAAGCTCCTGCATGGGCTAGGTTGCCTGCTAAGGGAGGGTACACGG
BC0571,sample,co1,HC00337842,none,consensus,1,"Bos taurus isolate WZ50 mitochondrion, complete genome",Bos taurus,cattle,475,475,1,7.00E-130,100,16338,MN714218.1,257,TAGGATCTCCTCCTCCTGCCGGGTCGAAGAAAGTTGTATTTAGGTTCCGGTCTGTTAATAGCATTGTGATGCCGGCTGCTAATACAGGGAGCGAGAGTAGTAGTAGTACGGCGGTAATTATTACGGATCATACGAATAGAGGGGTTTGGTATTGTGACATTGCGGGGGGCTTTATGTTGATAATTGTTGTAATGAAGTTGATGGCTCCTAAAATTGAGGAAACTCCTGCTAAGTGTAAAGAGAAAATGGTTAGATCA
BC0576,sample,co1,HC00337842,none,consensus,2,"Bos taurus isolate WZ50 mitochondrion, complete genome",Bos taurus,cattle,579,579,1,7.00E-161,99.68,16338,MN714218.1,316,GGTATAGAATAGGATCTCCTCCTCCCGCCGGGTCGAAGAAAGTTGTATTTAGGTTCCGGTCTGTTAATAGCATTGTGATGCCGGCTGCTAATACAGGGAGCGAGAGTAGTAGTAGTACGGCGGTAATTATTACGGATCATACGAATAGAGGGGTTTGGTATTGTGACATTGCGGGGGGCTTTATGTTGATAATTGTTGTAATGAAGTTGATGGCTCCTAAAATTGAGGAAACTCCTGCTAAGTGTAAAGAGAAAATGGTTAGATCAACTGAAGCTCCTGCATGGGCTAGGTTGCCTGCTAAGGGAGGGTACACGGT
BC0577,sample,co1,HC00337842,none,consensus,0,"Bos taurus isolate WZ50 mitochondrion, complete genome",Bos taurus,cattle,601,601,0.99,1.00E-167,100,16338,MN714218.1,326,AAAGTGTTGGTATAGAATAGGATCTCCTCCTCCTGCCGGGTCGAAGAAAGTTGTATTTAGGTTCCGGTCTGTTAATAGCATTGTGATGCCGGCTGCTAATACAGGGAGCGAGAGTAGTAGTAGTACGGCGGTAATTATTACGGATCATACGAATAGAGGGGTTTGGTATTGTGACATTGCGGGGGGCTTTATGTTGATAATTGTTGTAATGAAGTTGATGGCTCCTAAAATTGAGGAAACTCCTGCTAAGTGTAAAGAGAAAATGGTTAGATCAACTGAAGCTCCTGCATGGGCTAGGTTGCCTGCTAAGGGAGGGTACACGGTTC
BC0579,sample,co1,HC00337842,none,consensus,0,"Bos taurus isolate WZ50 mitochondrion, complete genome",Bos taurus,cattle,568,568,1,1.00E-157,100,16338,MN714218.1,307,ATAGAATAGGATCTCCTCCTCCTGCCGGGTCGAAGAAAGTTGTATTTAGGTTCCGGTCTGTTAATAGCATTGTGATGCCGGCTGCTAATACAGGGAGCGAGAGTAGTAGTAGTACGGCGGTAATTATTACGGATCATACGAATAGAGGGGTTTGGTATTGTGACATTGCGGGGGGCTTTATGTTGATAATTGTTGTAATGAAGTTGATGGCTCCTAAAATTGAGGAAACTCCTGCTAAGTGTAAAGAGAAAATGGTTAGATCAACTGAAGCTCCTGCATGGGCTAGGTTGCCTGCTAAGGGAGGGTA
BC4683,sample,co1,HC00337842,none,consensus,8,"Bos taurus isolate WZ50 mitochondrion, complete genome",Bos taurus,cattle,531,531,1,2.00E-146,98.66,16338,MN714218.1,299,GATCTCCTCCTCCGCCCGGGTCGAAGAAAGTGGTATTTAGGTTCCGGTCTGTTAATAGCATTGTGATGCCGGCTGCTAATACAGGGAGCGAGAGTAGTAGTAGTACGGCGGTAATTATTACGGATCATACGAAAAGAGGGGTTTGGTATTGTGACATTGCGGGGGGCTTTATGTTGATAATTGTTGTAATGAAGTTGATGGCTCCTAAAATTGAGGAAACTCCTGCTAAGTGTAAAGAGAAAATGGTTAGATCAACTGAAGCTCCTGCATGGGCTAGGTTGCCTGCTAAGGGAGGGTAC
BC4909,sample,plateCO1_03,HC00370264,none,consensus,4,"Bos taurus isolate WZ50 mitochondrion, complete genome",Bos taurus,cattle,584,584,100%,2.00E-162,100,16338,MN714218.1,0,
BC5168,sample,plateCO1_03,HC00370264,none,consensus,1,"Bos taurus isolate WZ50 mitochondrion, complete genome",Bos taurus,cattle,588,588,100%,1.00E-163,100,16338,MN714218.1,0,
BC5404,sample,plateCO1_03,HC00370264,none,consensus,0,"Bos taurus isolate WZ50 mitochondrion, complete genome",Bos taurus,cattle,601,601,99%,2.00E-167,99.4,16338,MN714218.1,0,
BC5187,sample,plateCO1_03,HC00370264,none,consensus,1,"Bos taurus isolate WZ50 mitochondrion, complete genome",Bos taurus,cattle,573,573,100%,4.00E-159,100,16338,MN714218.1,0,
BC4915,sample,plateCO1_03,HC00370264,none,consensus,18,"Bos taurus isolate WZ50 mitochondrion, complete genome",Bos taurus,cattle,486,486,99%,5.00E-133,98.55,16338,MN714218.1,0,
BC5191,sample,plateCO1_03,HC00370264,none,consensus,8,"Bos taurus isolate WZ50 mitochondrion, complete genome",Bos taurus,cattle,405,405,100%,2.00E-108,89.69,16338,MN714218.1,0,
BC5406,sample,plateCO1_03,HC00370264,none,consensus,0,"Bos taurus isolate WZ50 mitochondrion, complete genome",Bos taurus,cattle,580,580,100%,2.00E-161,100,16338,MN714218.1,0,
BC4531,sample,plateCO1_03,HC00370264,none,consensus,3,"Bos taurus isolate WZ50 mitochondrion, complete genome",Bos taurus,cattle,536,536,100%,5.00E-148,100,16338,MN714218.1,0,
BC4917,sample,plateCO1_03,HC00370264,none,consensus,3,"Bos taurus isolate WZ50 mitochondrion, complete genome",Bos taurus,cattle,584,584,100%,2.00E-162,100,16338,MN714218.1,0,
BC5193,sample,plateCO1_03,HC00370264,none,consensus,0,"Bos taurus isolate WZ50 mitochondrion, complete genome",Bos taurus,cattle,582,582,100%,7.00E-162,100,16338,MN714218.1,0,
BC4905,sample,plateCO1_03,HC00370264,none,consensus,4,"Bos taurus isolate WZ50 mitochondrion, complete genome",Bos taurus,cattle,501,501,100%,2.00E-137,100,16338,MN714218.1,0,
BC5156,sample,plateCO1_03,HC00370264,none,consensus,8,"Bos taurus isolate WZ50 mitochondrion, complete genome",Bos taurus,cattle,586,586,100%,5.00E-163,100,16338,MN714218.1,0,
BC5194,sample,plateCO1_03,HC00370264,none,consensus,13,"Bos taurus isolate WZ50 mitochondrion, complete genome",Bos taurus,cattle,499,499,100%,6.00E-137,100,16338,MN714218.1,0,
BC0589,sample,co1,HC00337842,poor signal,consensus,19,"Bubalus bubalis isolate XL33 mitochondrion, complete genome",Bubalus bubalis,water buffalo,442,442,1,7.00E-120,97.67,16356,MT186727.1,257,CCTTTAGCAGGTAACCTAGCCCACGCAGGAGCTTCGGTAGATCTAACCATTTTCTCTCTACACTTGGCAGGTGTCTCCTCAATTTTAGGGGCCATCAATTTCATTACAACAATTATCAACATAAAACCTCCCGCAATATCACAATACCAAACCCCCTTATTCGTATGATCCGTAATAATCACCGCCGTGCTATTACTCCTTTCACTTCCTGTACTAGCAGCTGGCATCACAATGCTACTAACAGATCGAAACCTAAA
BC4045,sample,plateCO1_01,HC00370264,none,consensus,21,"Bubalus bubalis isolate XL33 mitochondrion, complete genome",Bubalus bubalis,water buffalo,420,420,97%,4.00E-113,95.45,16356,MT186727.1,0,
BC4119,sample,plateCO1_01,HC00370264,none,consensus,3,"Bubalus bubalis isolate XL33 mitochondrion, complete genome",Bubalus bubalis,water buffalo,431,431,100%,2.00E-116,100,16356,MT186727.1,0,
BC4132,sample,plateCO1_01,HC00370264,none,consensus,10,"Bubalus bubalis isolate XL33 mitochondrion, complete genome",Bubalus bubalis,water buffalo,505,505,99%,1.00E-138,99.64,16356,MT186727.1,0,
BC4020,sample,plateCO1_01,HC00370264,none,consensus,17,"Bubalus bubalis isolate XL33 mitochondrion, complete genome",Bubalus bubalis,water buffalo,481,481,100%,2.00E-131,98.18,16356,MT186727.1,0,
BC4074,sample,plateCO1_01,HC00370264,none,consensus,0,"Bubalus bubalis isolate XL33 mitochondrion, complete genome",Bubalus bubalis,water buffalo,534,534,99%,2.00E-147,99.66,16356,MT186727.1,0,
BC4133,sample,plateCO1_01,HC00370264,none,consensus,15,"Bubalus bubalis isolate XL33 mitochondrion, complete genome",Bubalus bubalis,water buffalo,446,446,100%,7.00E-121,96.67,16356,MT186727.1,0,
BC4108,sample,plateCO1_01,HC00370264,none,consensus,12,"Bubalus bubalis isolate XL33 mitochondrion, complete genome",Bubalus bubalis,water buffalo,549,549,100%,6.00E-152,100,16356,MT186727.1,0,
BC4080,sample,plateCO1_01,HC00370264,none,consensus,11,"Bubalus bubalis isolate XL33 mitochondrion, complete genome",Bubalus bubalis,water buffalo,507,507,99%,3.00E-139,100,16356,MT186727.1,0,
BC4112,sample,plateCO1_01,HC00370264,none,consensus,14,"Bubalus bubalis isolate XL33 mitochondrion, complete genome",Bubalus bubalis,water buffalo,468,468,96%,1.00E-127,97.79,16356,MT186727.1,0,
BC4084,sample,plateCO1_01,HC00370264,none,consensus,17,"Bubalus bubalis isolate XL33 mitochondrion, complete genome",Bubalus bubalis,water buffalo,477,477,99%,2.00E-130,99.24,16356,MT186727.1,0,
BC4116,sample,plateCO1_01,HC00370264,none,consensus,17,"Bubalus bubalis isolate XL33 mitochondrion, complete genome",Bubalus bubalis,water buffalo,505,505,99%,1.00E-138,100,16356,MT186727.1,0,
BC4088,sample,plateCO1_01,HC00370264,none,consensus,5,"Bubalus bubalis isolate XL33 mitochondrion, complete genome",Bubalus bubalis,water buffalo,503,503,100%,4.00E-138,100,16356,MT186727.1,0,
BC4137,sample,plateCO1_02,HC00370264,none,consensus,0,"Bubalus bubalis isolate XL33 mitochondrion, complete genome",Bubalus bubalis,water buffalo,593,593,100%,3.00E-165,99.39,16356,MT186727.1,0,
BC4232,sample,plateCO1_02,HC00370264,none,consensus,1,"Bubalus bubalis isolate XL33 mitochondrion, complete genome",Bubalus bubalis,water buffalo,595,595,99%,8.00E-166,100,16356,MT186727.1,0,
BC4142,sample,plateCO1_02,HC00370264,none,consensus,11,"Bubalus bubalis isolate XL33 mitochondrion, complete genome",Bubalus bubalis,water buffalo,512,512,100%,7.00E-141,99.64,16356,MT186727.1,0,
BC4181,sample,plateCO1_02,HC00370264,none,consensus,1,"Bubalus bubalis isolate XL33 mitochondrion, complete genome",Bubalus bubalis,water buffalo,523,523,99%,3.00E-144,100,16356,MT186727.1,0,
BC4251,sample,plateCO1_02,HC00370264,none,consensus,7,"Bubalus bubalis isolate XL33 mitochondrion, complete genome",Bubalus bubalis,water buffalo,540,540,100%,3.00E-149,99.33,16356,MT186727.1,0,
BC4380,sample,plateCO1_02,HC00370264,none,consensus,0,"Bubalus bubalis isolate XL33 mitochondrion, complete genome",Bubalus bubalis,water buffalo,586,586,100%,5.00E-163,100,16356,MT186727.1,0,
BC4169,sample,plateCO1_02,HC00370264,none,consensus,0,"Bubalus bubalis isolate XL33 mitochondrion, complete genome",Bubalus bubalis,water buffalo,590,590,100%,4.00E-164,100,16356,MT186727.1,0,
BC4183,sample,plateCO1_02,HC00370264,none,consensus,10,"Bubalus bubalis isolate XL33 mitochondrion, complete genome",Bubalus bubalis,water buffalo,566,566,100%,6.00E-157,99.36,16356,MT186727.1,0,
BC4235,sample,plateCO1_02,HC00370264,none,consensus,7,"Bubalus bubalis isolate XL33 mitochondrion, complete genome",Bubalus bubalis,water buffalo,549,549,100%,6.00E-152,99.02,16356,MT186727.1,0,
BC4252,sample,plateCO1_02,HC00370264,none,consensus,0,"Bubalus bubalis isolate XL33 mitochondrion, complete genome",Bubalus bubalis,water buffalo,603,603,99%,5.00E-168,100,16356,MT186727.1,0,
BC4274,sample,plateCO1_02,HC00370264,none,consensus,0,"Bubalus bubalis isolate XL33 mitochondrion, complete genome",Bubalus bubalis,water buffalo,595,595,99%,8.00E-166,100,16356,MT186727.1,0,
BC4227,sample,plateCO1_02,HC00370264,none,consensus,1,"Bubalus bubalis isolate XL33 mitochondrion, complete genome",Bubalus bubalis,water buffalo,592,592,99%,1.00E-164,100,16356,MT186727.1,0,
BC4359,sample,plateCO1_02,HC00370264,none,consensus,0,"Bubalus bubalis isolate XL33 mitochondrion, complete genome",Bubalus bubalis,water buffalo,595,595,99%,8.00E-166,100,16356,MT186727.1,0,
BC4382,sample,plateCO1_02,HC00370264,none,consensus,0,"Bubalus bubalis isolate XL33 mitochondrion, complete genome",Bubalus bubalis,water buffalo,593,593,99%,3.00E-165,100,16356,MT186727.1,0,
BC4403,sample,plateCO1_02,HC00370264,none,consensus,0,"Bubalus bubalis isolate XL33 mitochondrion, complete genome",Bubalus bubalis,water buffalo,597,597,99%,2.00E-166,100,16356,MT186727.1,0,
BC4172,sample,plateCO1_02,HC00370264,none,consensus,0,"Bubalus bubalis isolate XL33 mitochondrion, complete genome",Bubalus bubalis,water buffalo,593,593,99%,3.00E-165,100,16356,MT186727.1,0,
BC4188,sample,plateCO1_02,HC00370264,none,consensus,0,"Bubalus bubalis isolate XL33 mitochondrion, complete genome",Bubalus bubalis,water buffalo,610,610,99%,3.00E-170,99.7,16356,MT186727.1,0,
BC4257,sample,plateCO1_02,HC00370264,none,consensus,0,"Bubalus bubalis isolate XL33 mitochondrion, complete genome",Bubalus bubalis,water buffalo,597,597,99%,2.00E-166,100,16356,MT186727.1,0,
BC4277,sample,plateCO1_02,HC00370264,none,consensus,0,"Bubalus bubalis isolate XL33 mitochondrion, complete genome",Bubalus bubalis,water buffalo,593,593,99%,3.00E-165,100,16356,MT186727.1,0,
BC4351,sample,plateCO1_02,HC00370264,none,consensus,6,"Bubalus bubalis isolate XL33 mitochondrion, complete genome",Bubalus bubalis,water buffalo,595,595,99%,8.00E-166,100,16356,MT186727.1,0,
BC4173,sample,plateCO1_02,HC00370264,none,consensus,12,"Bubalus bubalis isolate XL33 mitochondrion, complete genome",Bubalus bubalis,water buffalo,566,566,100%,6.00E-157,99.05,16356,MT186727.1,0,
BC4192,sample,plateCO1_02,HC00370264,none,consensus,0,"Bubalus bubalis isolate XL33 mitochondrion, complete genome",Bubalus bubalis,water buffalo,579,579,99%,8.00E-161,99.07,16356,MT186727.1,0,
BC4221,sample,plateCO1_02,HC00370264,none,consensus,1,"Bubalus bubalis isolate XL33 mitochondrion, complete genome",Bubalus bubalis,water buffalo,588,588,99%,1.00E-163,99.69,16356,MT186727.1,0,
BC4385,sample,plateCO1_02,HC00370264,none,consensus,0,"Bubalus bubalis isolate XL33 mitochondrion, complete genome",Bubalus bubalis,water buffalo,597,597,99%,2.00E-166,100,16356,MT186727.1,0,
BC4175,sample,plateCO1_02,HC00370264,none,consensus,1,"Bubalus bubalis isolate XL33 mitochondrion, complete genome",Bubalus bubalis,water buffalo,593,593,99%,3.00E-165,100,16356,MT186727.1,0,
BC4195,sample,plateCO1_02,HC00370264,none,consensus,0,"Bubalus bubalis isolate XL33 mitochondrion, complete genome",Bubalus bubalis,water buffalo,593,593,99%,3.00E-165,100,16356,MT186727.1,0,
BC4261,sample,plateCO1_02,HC00370264,none,consensus,1,"Bubalus bubalis isolate XL33 mitochondrion, complete genome",Bubalus bubalis,water buffalo,595,595,99%,8.00E-166,100,16356,MT186727.1,0,
BC4282,sample,plateCO1_02,HC00370264,none,consensus,12,"Bubalus bubalis isolate XL33 mitochondrion, complete genome",Bubalus bubalis,water buffalo,579,579,100%,8.00E-161,99.68,16356,MT186727.1,0,
BC4364,sample,plateCO1_02,HC00370264,none,consensus,3,"Bubalus bubalis isolate XL33 mitochondrion, complete genome",Bubalus bubalis,water buffalo,520,520,99%,4.00E-143,99.65,16356,MT186727.1,0,
BC4386,sample,plateCO1_02,HC00370264,none,consensus,12,"Bubalus bubalis isolate XL33 mitochondrion, complete genome",Bubalus bubalis,water buffalo,512,512,99%,7.00E-141,100,16356,MT186727.1,0,
BC4156,sample,plateCO1_02,HC00370264,none,consensus,0,"Bubalus bubalis isolate XL33 mitochondrion, complete genome",Bubalus bubalis,water buffalo,593,593,99%,3.00E-165,100,16356,MT186727.1,0,
BC4176,sample,plateCO1_02,HC00370264,none,consensus,0,"Bubalus bubalis isolate XL33 mitochondrion, complete genome",Bubalus bubalis,water buffalo,592,592,99%,1.00E-164,99.39,16356,MT186727.1,0,
BC4224,sample,plateCO1_02,HC00370264,none,consensus,0,"Bubalus bubalis isolate XL33 mitochondrion, complete genome",Bubalus bubalis,water buffalo,593,593,100%,3.00E-165,99.69,16356,MT186727.1,0,
BC4411,sample,plateCO1_02,HC00370264,none,consensus,0,"Bubalus bubalis isolate XL33 mitochondrion, complete genome",Bubalus bubalis,water buffalo,597,597,99%,2.00E-166,100,16356,MT186727.1,0,
BC4226,sample,plateCO1_02,HC00370264,none,consensus,16,"Bubalus bubalis isolate KA04 cytochrome c oxidase subunit I gene, partial cds; mitochondrial",Bubalus bubalis,water buffalo,529,529,100%,7.00E-146,99.32,615,KY708162.1,0,
BC4246,sample,plateCO1_02,HC00370264,none,consensus,0,"Bubalus bubalis isolate XL33 mitochondrion, complete genome",Bubalus bubalis,water buffalo,612,612,99%,8.00E-171,99.7,16356,MT186727.1,0,
BC4266,sample,plateCO1_02,HC00370264,none,consensus,13,"Bubalus bubalis isolate XL33 mitochondrion, complete genome",Bubalus bubalis,water buffalo,577,577,100%,3.00E-160,99.37,16356,MT186727.1,0,
BC4287,sample,plateCO1_02,HC00370264,none,consensus,1,"Bubalus bubalis isolate XL33 mitochondrion, complete genome",Bubalus bubalis,water buffalo,612,612,99%,8.00E-171,99.7,16356,MT186727.1,0,
BC4331,sample,plateCO1_02,HC00370264,none,consensus,0,"Bubalus bubalis isolate XL33 mitochondrion, complete genome",Bubalus bubalis,water buffalo,601,601,100%,2.00E-167,99.7,16356,MT186727.1,0,
BC4355,sample,plateCO1_02,HC00370264,none,consensus,5,"Bubalus bubalis isolate XL33 mitochondrion, complete genome",Bubalus bubalis,water buffalo,566,566,99%,6.00E-157,98.15,16356,MT186727.1,0,
BC4373,sample,plateCO1_02,HC00370264,none,consensus,31,"Bubalus bubalis isolate XL33 mitochondrion, complete genome",Bubalus bubalis,water buffalo,473,473,99%,3.00E-129,98.87,16356,MT186727.1,0,
BC4429,sample,plateCO1_03,HC00370264,none,consensus,0,"Bubalus bubalis isolate XL33 mitochondrion, complete genome",Bubalus bubalis,water buffalo,501,501,100%,1.00E-137,99.28,16356,MT186727.1,0,
BC4458,sample,plateCO1_03,HC00370264,none,consensus,32,"Bubalus bubalis isolate FZ05 mitochondrion, complete genome",Bubalus bubalis,water buffalo,412,412,100%,6.00E-111,98.71,16357,MT186710.1,0,
BC4492,sample,plateCO1_03,HC00370264,none,consensus,0,"Bubalus bubalis isolate XL33 mitochondrion, complete genome",Bubalus bubalis,water buffalo,597,597,100%,2.00E-166,99.69,16356,MT186727.1,0,
BC4416,sample,plateCO1_03,HC00370264,none,consensus,30,"Bubalus bubalis isolate XL33 mitochondrion, complete genome",Bubalus bubalis,water buffalo,427,427,100%,2.00E-115,95.52,16356,MT186727.1,0,
BC4459,sample,plateCO1_03,HC00370264,none,consensus,1,"Bubalus bubalis isolate XL33 mitochondrion, complete genome",Bubalus bubalis,water buffalo,512,512,100%,7.00E-141,99.64,16356,MT186727.1,0,
BC4477,sample,plateCO1_03,HC00370264,none,consensus,4,"Bubalus bubalis isolate XL33 mitochondrion, complete genome",Bubalus bubalis,water buffalo,512,512,99%,7.00E-141,100,16356,MT186727.1,0,
BC4501,sample,plateCO1_03,HC00370264,none,consensus,8,"Bubalus bubalis isolate XL33 mitochondrion, complete genome",Bubalus bubalis,water buffalo,571,571,99%,1.00E-158,98.75,16356,MT186727.1,0,
BC4491,sample,plateCO1_03,HC00370264,none,consensus,4,"Bubalus bubalis isolate XL33 mitochondrion, complete genome",Bubalus bubalis,water buffalo,507,507,99%,3.00E-139,100,16356,MT186727.1,0,
BC4509,sample,plateCO1_03,HC00370264,none,consensus,3,"Bubalus bubalis isolate XL33 mitochondrion, complete genome",Bubalus bubalis,water buffalo,536,536,100%,5.00E-148,99.66,16356,MT186727.1,0,
BC4883,sample,plateCO1_03,HC00370264,none,consensus,5,"Bubalus bubalis isolate XL33 mitochondrion, complete genome",Bubalus bubalis,water buffalo,390,390,100%,3.00E-104,100,16356,MT186727.1,0,
BC4420,sample,plateCO1_03,HC00370264,none,consensus,9,"Bubalus bubalis isolate XL33 mitochondrion, complete genome",Bubalus bubalis,water buffalo,486,486,100%,4.00E-133,99.26,16356,MT186727.1,0,
BC4481,sample,plateCO1_03,HC00370264,none,consensus,0,"Bubalus bubalis isolate XL33 mitochondrion, complete genome",Bubalus bubalis,water buffalo,507,507,97%,4.00E-139,99.64,16356,MT186727.1,0,
BC4510,sample,plateCO1_03,HC00370264,none,consensus,3,"Bubalus bubalis isolate XL33 mitochondrion, complete genome",Bubalus bubalis,water buffalo,505,505,100%,1.00E-138,99.64,16356,MT186727.1,0,
BC4423,sample,plateCO1_03,HC00370264,none,consensus,5,"Bubalus bubalis isolate XL33 mitochondrion, complete genome",Bubalus bubalis,water buffalo,542,542,100%,1.00E-149,99.66,16356,MT186727.1,0,
BC4482,sample,plateCO1_03,HC00370264,none,consensus,2,"Bubalus bubalis isolate XL33 mitochondrion, complete genome",Bubalus bubalis,water buffalo,520,520,100%,5.00E-143,100,16356,MT186727.1,0,
BC4514,sample,plateCO1_03,HC00370264,none,consensus,2,"Bubalus bubalis isolate XL33 mitochondrion, complete genome",Bubalus bubalis,water buffalo,516,516,100%,6.00E-142,100,16356,MT186727.1,0,
BC4450,sample,plateCO1_03,HC00370264,none,consensus,11,"Bubalus bubalis isolate XL33 mitochondrion, complete genome",Bubalus bubalis,water buffalo,532,532,100%,6.00E-147,100,16356,MT186727.1,0,
BC4472,sample,plateCO1_03,HC00370264,none,consensus,0,"Bubalus bubalis isolate XL33 mitochondrion, complete genome",Bubalus bubalis,water buffalo,521,521,100%,1.00E-143,100,16356,MT186727.1,0,
BC4518,sample,plateCO1_03,HC00370264,none,consensus,1,"Bubalus bubalis isolate XL33 mitochondrion, complete genome",Bubalus bubalis,water buffalo,508,508,100%,1.00E-139,100,16356,MT186727.1,0,
BC4427,sample,plateCO1_03,HC00370264,none,consensus,0,"Bubalus bubalis isolate XL33 mitochondrion, complete genome",Bubalus bubalis,water buffalo,503,503,100%,5.00E-138,99.64,16356,MT186727.1,0,
BC4451,sample,plateCO1_03,HC00370264,none,consensus,20,"Bubalus bubalis isolate XL33 mitochondrion, complete genome",Bubalus bubalis,water buffalo,446,446,100%,7.00E-121,97.33,16356,MT186727.1,0,
BC4487,sample,plateCO1_03,HC00370264,none,consensus,3,"Bubalus bubalis isolate XL33 mitochondrion, complete genome",Bubalus bubalis,water buffalo,507,507,99%,4.00E-139,100,16356,MT186727.1,0,
BC4867,sample,plateCO1_03,HC00370264,none,consensus,1,"Bubalus bubalis isolate XL33 mitochondrion, complete genome",Bubalus bubalis,water buffalo,507,507,100%,4.00E-139,100,16356,MT186727.1,0,
BC4428,sample,plateCO1_03,HC00370264,none,consensus,5,"Bubalus bubalis isolate XL33 mitochondrion, complete genome",Bubalus bubalis,water buffalo,507,507,100%,4.00E-139,100,16356,MT186727.1,0,
BC4456,sample,plateCO1_03,HC00370264,none,consensus,3,"Bubalus bubalis isolate XL33 mitochondrion, complete genome",Bubalus bubalis,water buffalo,507,507,99%,4.00E-139,100,16356,MT186727.1,0,
BC0593,sample,co1,HC00337842,poor signal,consensus,14,Canis lupus familiaris breed Labrador retriever chromosome 17a,Canis lupus familiaris,dog,516,516,1,5.00E-142,96.47,64150251,CP050603.1,312,GGTATAGAATGGGGTCTCCCCCTCCAGCAGGATCGAAAAATGTTGTATTTAGGTTTCGGTCCGTTAGAAGTATTGTAATTCCGGCAGCTAGTACAGGTAATGACAACAGCAATAGGACTGCTGTGATTAGCGCAGATCATACAAATAAGGGAGTTTGATATTGAGACATGGCTGGGGGTTTTATATTAATAATAGTAGTGATAAAGTTGATTGCCCCTAGAACGGAGGAAACTCCTGCTAAATGTAAGGAAAAAATTGTTAGATCTACTGATGCTCCTGCGTGGGCCAGGTTGCCGGCTAGTGGGGGGTATA
BC0543,sample,co1,HC00337842,none,consensus,2,"Homo sapiens isolate b15950-3515 mitochondrion, complete genome",Homo sapiens,human,562,562,1,7.00E-156,99.68,16569,MZ064555.1,308,ATAGAATGGGGTCTCCTCCTCCGGCGGGGTCGAAGAAGGTGGTGTTGAGGTTGCGGTCTGTTAGTAGTATAGTGATGCCAGCAGCTAGGACTGGGAGAGATAGGAGAAGTAGGACTGCTGTGATTAGGACGGATCAGACGAAGAGGGGCGTTTGGTATTGGGTTATGGCAGGGGGTTTTATATTGATAATTGTTGTGATGAAATTGATGGCCCCTAAGATAGAGGAGACTACCTGCTAGGTGTAAGGAGAAGATGGTTAGGTCTACGGAGGCTCCAGGGTGGGAGTAGTTCCCTGCTAAGGGAGGGTA
BC0565,sample,co1,HC00337842,none,consensus,2,"Homo sapiens isolate Kum1621 haplogroup X2e2a1 mitochondrion, complete genome",Homo sapiens,human,555,555,1,1.00E-153,99.67,16567,MG660554.1,303,TCTCCTCCTCCGGCGGGGTCGAAGAAGGTGGTGTTGAGGTTGCGGTCTGTTAGTAGTATAGTGATGCCAGCAGCTAGGACTGGGAGAGATAGGAGAAGTAGGACTGCTGTGATTAGGACGGATCAGACGAAGAGGGGCGTTTGGTATTGGGTTATGGCAGGGGGTTTTATATTGATAATTGTTGTGATGAAATTGATGGCCCCTAAGATAGAAGAGACACCTGCTAGGTGTAAGGAGAAGATGGTTAGGTCTACGGAGGCTCCAGGGTGGGAGTAGTTCCCTGCTAAGGGAGGGTAGACGGTT
BC0679,sample,co1,HC00337842,none,consensus,6,"Homo sapiens isolate b15950-3515 mitochondrion, complete genome",Homo sapiens,human,534,534,1,1.00E-147,99.32,16569,MZ064555.1,295,CTCCTCCTCCGGCGGGGTCGAAGAAGGTGGTGTTGAGGTTGCGGTCTGTTAGTAGTATAGTGATGCCGCAGCTAGGACTGGGAGAGATAGGAGAAGTAGGACTGCTGTGATTAGGACGGATCAGACGAAGAGGGGCGTTTGGTATTGGGTTATGGCAGGGGGTTTTATATTGATAATTGTTGTGATGAAATTGATGGCCCCTAAGATAGAGGAGACACCTGCTAGGTGTAAGGAGAAGATGGTTAGGTCTACGGAGGCTCCCGGGTGGGAGTAGTTCCCTGCTAAGGGAGGGTAG
BC0692,sample,co1,HC00337842,poor signal,consensus,1,"Homo sapiens isolate C208_Prey_Veng_F1a1a mitochondrion, complete genome",Homo sapiens,human,556,556,1,3.00E-154,99.67,16567,KT587557.1,304,CTCCTCCTCCGGCGGGGTCGAAGAAGGTGGTGTTGAGGTTGCGGTCTGTTAGTAGTATAGTGATGCCAGCAGCTAGGACTGGGAGAGATAGGAGAAGTAGGACTGCTGTGATTAGGACGGATCAGACGAAGAGGGGCGTTTGGTATTGGGTTATGGCAGGGGGTTTTATATTGATAATTGTTGTGATGAAGTTGATGGCCCCTAAGATAGAGGAGACACCTGCTAGGTGTAAGGAGAGGATGGTTAGGTCTACGGAGGCTCCAGGGTGGGAGTAGTTCCCTGCTAAGGGAGGGTAGACGGTTCA
BC4511,sample,co1,HC00337842,poor signal,consensus,4,"Homo sapiens isolate P39 mitochondrion, complete genome",Homo sapiens,human,488,488,1,1.00E-133,95.42,16570,JX462703.1,306,AATGGGATCTCCTCCTCCGGCGGGGTCGAAGAAAGTGGTGTTGAGGTTGCGGTCTGTTAGTAGCATAGTGATGCCGGCAGCTAGGACTGGGAGAGATAGTAGAAGTAGGACGGCTGTGATTAGGACGGATCAGACGAAGAGGGGCGTTTGGTATTGGGTTATGGCGGGGGGTTTTATATTGATAATTGTTGTGATGAAATTGATGGCCCCTAAAATTGAGGAAACTCCTGCTAAGTGTAAGGAGAAAATGGTTAGGTCTACTGAGGCTCCTGGGTGGGAGTAGTTCCCTGCTAAGGGAGGGTACAC
BC4059,sample,plateCO1_01,HC00370264,none,consensus,17,"Homo sapiens voucher VM22019-013_COIshort cytochrome c oxidase subunit I (COX1) gene, partial cds; mitochondrial",Homo sapiens,human,481,481,100%,2.00E-131,100,324,MW464146.1,0,
BC4039,sample,plateCO1_01,HC00370264,none,consensus,6,"Homo sapiens voucher VM22019-013_COIshort cytochrome c oxidase subunit I (COX1) gene, partial cds; mitochondrial",Homo sapiens,human,531,531,100%,2.00E-146,100,324,MW464146.1,0,
BC4158,sample,plateCO1_02,HC00370264,none,consensus,0,"Homo sapiens voucher VM22019-013_COIshort cytochrome c oxidase subunit I (COX1) gene, partial cds; mitochondrial",Homo sapiens,human,597,597,100%,2.00E-166,100,324,MW464146.1,0,
BC4289,sample,plateCO1_02,HC00370264,none,consensus,1,"Homo sapiens voucher VM22019-013_COIshort cytochrome c oxidase subunit I (COX1) gene, partial cds; mitochondrial",Homo sapiens,human,588,588,100%,1.00E-163,99.69,324,MW464146.1,0,
BC4212,sample,plateCO1_02,HC00370264,none,consensus,2,"Homo sapiens voucher VM22019-013_COIshort cytochrome c oxidase subunit I (COX1) gene, partial cds; mitochondrial",Homo sapiens,human,597,597,99%,2.00E-166,100,324,MW464146.1,0,
BC4270,sample,plateCO1_02,HC00370264,none,consensus,0,"Homo sapiens isolate LICOL92 mitochondrion, complete genome",Homo sapiens,human,606,606,100%,4.00E-169,99.7,16562,MG182520.1,0,
BC4293,sample,plateCO1_02,HC00370264,none,consensus,1,"Homo sapiens isolate NU89 haplogroup P mitochondrion, complete genome",Homo sapiens,human,588,588,99%,1.00E-163,100,16569,MN849591.1,0,
BC4147,sample,plateCO1_02,HC00370264,none,consensus,11,"Homo sapiens mitochondrion, complete genome",Homo sapiens,human,564,564,100%,2.00E-156,99.05,16567,MN692242.1,0,
BC4214,sample,plateCO1_02,HC00370264,none,consensus,0,"Homo sapiens isolate LICOL92 mitochondrion, complete genome",Homo sapiens,human,599,599,100%,6.00E-167,99.69,16562,MG182520.1,0,
BC4361,sample,plateCO1_02,HC00370264,none,consensus,16,"Homo sapiens voucher VM22019-013_COIshort cytochrome c oxidase subunit I (COX1) gene, partial cds; mitochondrial",Homo sapiens,human,490,490,100%,3.00E-134,98.91,324,MW464146.1,0,
BC4243,sample,plateCO1_02,HC00370264,none,consensus,8,"Homo sapiens mitochondrion, complete genome",Homo sapiens,human,435,435,100%,1.00E-117,99.17,16567,MN692242.1,0,
BC4245,sample,plateCO1_02,HC00370264,none,consensus,0,"Homo sapiens voucher VM22019-013_COIshort cytochrome c oxidase subunit I (COX1) gene, partial cds; mitochondrial",Homo sapiens,human,597,597,100%,2.00E-166,100,324,MW464146.1,0,
BC4262,sample,plateCO1_02,HC00370264,none,consensus,15,"Homo sapiens haplogroup I2a3 mitochondrion, complete genome",Homo sapiens,human,529,529,100%,8.00E-146,97.43,16572,MT137386.1,0,
BC4321,sample,plateCO1_02,HC00370264,none,consensus,0,"Homo sapiens voucher VM22019-013_COIshort cytochrome c oxidase subunit I (COX1) gene, partial cds; mitochondrial",Homo sapiens,human,597,597,100%,2.00E-166,100,324,MW464146.1,0,
BC4157,sample,plateCO1_02,HC00370264,none,consensus,0,"Homo sapiens isolate LICOL92 mitochondrion, complete genome",Homo sapiens,human,619,619,100%,5.00E-173,99.7,16562,MG182520.1,0,
BC4432,sample,plateCO1_03,HC00370264,none,consensus,1,"Homo sapiens voucher VM22019-013_COIshort cytochrome c oxidase subunit I (COX1) gene, partial cds; mitochondrial",Homo sapiens,human,599,599,98%,6.00E-167,100,324,MW464146.1,0,
BC5401,sample,plateCO1_03,HC00370264,none,consensus,0,"Homo sapiens isolate C208_Prey_Veng_F1a1a mitochondrion, complete genome",Homo sapiens,human,566,566,100%,7.00E-157,99.36,16567,KT587557.1,0,
BC4677,sample,plateCO1_03,HC00370264,none,consensus,11,"Homo sapiens isolate FTDNA 413849 haplogroup H1ca mitochondrion, complete genome",Homo sapiens,human,460,460,100%,3.00E-125,99.22,16569,KX231544.1,0,
BC5183,sample,plateCO1_03,HC00370264,none,consensus,14,"Homo sapiens isolate P39 mitochondrion, complete genome",Homo sapiens,human,516,516,100%,6.00E-142,97.99,16570,JX462703.1,0,
BC4708,sample,plateCO1_03,HC00370264,none,consensus,7,"Homo sapiens isolate MA169 mitochondrion, complete genome",Homo sapiens,human,431,431,100%,2.00E-116,93.17,16562,HQ012176.1,0,
BC0564,sample,co1,HC00337842,could not produce consensus,NA,NA,NA,NA,NA,NA,NA,NA,NA,NA,NA,NA,2,NA
BC0591,sample,co1,HC00337842,could not produce consensus,NA,NA,NA,NA,NA,NA,NA,NA,NA,NA,NA,NA,2,NA
BC0677,sample,co1,HC00337842,could not produce consensus,NA,NA,NA,NA,NA,NA,NA,NA,NA,NA,NA,NA,2,NA
BC0686,sample,plateCO1_01,HC00370264,could not produce consensus,NA,NA,NA,NA,NA,NA,NA,NA,NA,NA,NA,NA,0,
BC3999,sample,plateCO1_01,HC00370264,could not produce consensus,NA,NA,NA,NA,NA,NA,NA,NA,NA,NA,NA,NA,0,
BC4016,sample,plateCO1_01,HC00370264,could not produce consensus,NA,NA,NA,NA,NA,NA,NA,NA,NA,NA,NA,NA,0,
BC4065,sample,plateCO1_01,HC00370264,could not produce consensus,NA,NA,NA,NA,NA,NA,NA,NA,NA,NA,NA,NA,0,
BC4089,sample,plateCO1_01,HC00370264,could not produce consensus,NA,NA,NA,NA,NA,NA,NA,NA,NA,NA,NA,NA,0,
BC4118,sample,plateCO1_01,HC00370264,could not produce consensus,NA,NA,NA,NA,NA,NA,NA,NA,NA,NA,NA,NA,0,
BC4130,sample,plateCO1_01,HC00370264,could not produce consensus,NA,NA,NA,NA,NA,NA,NA,NA,NA,NA,NA,NA,0,
BC0759,sample,plateCO1_01,HC00370264,could not produce consensus,NA,NA,NA,NA,NA,NA,NA,NA,NA,NA,NA,NA,0,
BC4000,sample,plateCO1_01,HC00370264,could not produce consensus,NA,NA,NA,NA,NA,NA,NA,NA,NA,NA,NA,NA,0,
BC4018,sample,plateCO1_01,HC00370264,could not produce consensus,NA,NA,NA,NA,NA,NA,NA,NA,NA,NA,NA,NA,0,
BC4046,sample,plateCO1_01,HC00370264,could not produce consensus,NA,NA,NA,NA,NA,NA,NA,NA,NA,NA,NA,NA,0,
BC4071,sample,plateCO1_01,HC00370264,could not produce consensus,NA,NA,NA,NA,NA,NA,NA,NA,NA,NA,NA,NA,0,
BC4091,sample,plateCO1_01,HC00370264,could not produce consensus,NA,NA,NA,NA,NA,NA,NA,NA,NA,NA,NA,NA,0,
BC4042,sample,plateCO1_01,HC00370264,could not produce consensus,NA,NA,NA,NA,NA,NA,NA,NA,NA,NA,NA,NA,0,
BC0760,sample,plateCO1_01,HC00370264,could not produce consensus,NA,NA,NA,NA,NA,NA,NA,NA,NA,NA,NA,NA,0,
BC4100,sample,plateCO1_01,HC00370264,could not produce consensus,NA,NA,NA,NA,NA,NA,NA,NA,NA,NA,NA,NA,0,
BC0701,sample,plateCO1_01,HC00370264,could not produce consensus,NA,NA,NA,NA,NA,NA,NA,NA,NA,NA,NA,NA,0,
BC0803,sample,plateCO1_01,HC00370264,could not produce consensus,NA,NA,NA,NA,NA,NA,NA,NA,NA,NA,NA,NA,0,
BC4025,sample,plateCO1_01,HC00370264,could not produce consensus,NA,NA,NA,NA,NA,NA,NA,NA,NA,NA,NA,NA,0,
BC4056,sample,plateCO1_01,HC00370264,could not produce consensus,NA,NA,NA,NA,NA,NA,NA,NA,NA,NA,NA,NA,0,
BC4077,sample,plateCO1_01,HC00370264,could not produce consensus,NA,NA,NA,NA,NA,NA,NA,NA,NA,NA,NA,NA,0,
BC4122,sample,plateCO1_01,HC00370264,could not produce consensus,NA,NA,NA,NA,NA,NA,NA,NA,NA,NA,NA,NA,0,
BC4134,sample,plateCO1_01,HC00370264,could not produce consensus,NA,NA,NA,NA,NA,NA,NA,NA,NA,NA,NA,NA,0,
BC0708,sample,plateCO1_01,HC00370264,could not produce consensus,NA,NA,NA,NA,NA,NA,NA,NA,NA,NA,NA,NA,0,
BC0816,sample,plateCO1_01,HC00370264,could not produce consensus,NA,NA,NA,NA,NA,NA,NA,NA,NA,NA,NA,NA,0,
BC4026,sample,plateCO1_01,HC00370264,could not produce consensus,NA,NA,NA,NA,NA,NA,NA,NA,NA,NA,NA,NA,0,
BC4058,sample,plateCO1_01,HC00370264,could not produce consensus,NA,NA,NA,NA,NA,NA,NA,NA,NA,NA,NA,NA,0,
BC4079,sample,plateCO1_01,HC00370264,could not produce consensus,NA,NA,NA,NA,NA,NA,NA,NA,NA,NA,NA,NA,0,
BC4123,sample,plateCO1_01,HC00370264,could not produce consensus,NA,NA,NA,NA,NA,NA,NA,NA,NA,NA,NA,NA,0,
BC0710,sample,plateCO1_01,HC00370264,could not produce consensus,NA,NA,NA,NA,NA,NA,NA,NA,NA,NA,NA,NA,0,
BC0820,sample,plateCO1_01,HC00370264,could not produce consensus,NA,NA,NA,NA,NA,NA,NA,NA,NA,NA,NA,NA,0,
BC4012,sample,plateCO1_01,HC00370264,could not produce consensus,NA,NA,NA,NA,NA,NA,NA,NA,NA,NA,NA,NA,0,
BC4034,sample,plateCO1_01,HC00370264,could not produce consensus,NA,NA,NA,NA,NA,NA,NA,NA,NA,NA,NA,NA,0,
BC4124,sample,plateCO1_01,HC00370264,could not produce consensus,NA,NA,NA,NA,NA,NA,NA,NA,NA,NA,NA,NA,0,
BC0712,sample,plateCO1_01,HC00370264,could not produce consensus,NA,NA,NA,NA,NA,NA,NA,NA,NA,NA,NA,NA,0,
BC3995,sample,plateCO1_01,HC00370264,could not produce consensus,NA,NA,NA,NA,NA,NA,NA,NA,NA,NA,NA,NA,0,
BC4014,sample,plateCO1_01,HC00370264,could not produce consensus,NA,NA,NA,NA,NA,NA,NA,NA,NA,NA,NA,NA,0,
BC4035,sample,plateCO1_01,HC00370264,could not produce consensus,NA,NA,NA,NA,NA,NA,NA,NA,NA,NA,NA,NA,0,
BC4062,sample,plateCO1_01,HC00370264,could not produce consensus,NA,NA,NA,NA,NA,NA,NA,NA,NA,NA,NA,NA,0,
BC4125,sample,plateCO1_01,HC00370264,could not produce consensus,NA,NA,NA,NA,NA,NA,NA,NA,NA,NA,NA,NA,0,
BC3996,sample,plateCO1_01,HC00370264,could not produce consensus,NA,NA,NA,NA,NA,NA,NA,NA,NA,NA,NA,NA,0,
BC4015,sample,plateCO1_01,HC00370264,could not produce consensus,NA,NA,NA,NA,NA,NA,NA,NA,NA,NA,NA,NA,0,
BC4117,sample,plateCO1_01,HC00370264,could not produce consensus,NA,NA,NA,NA,NA,NA,NA,NA,NA,NA,NA,NA,0,
BC4128,sample,plateCO1_01,HC00370264,could not produce consensus,NA,NA,NA,NA,NA,NA,NA,NA,NA,NA,NA,NA,0,
BC4179,sample,plateCO1_02,HC00370264,could not produce consensus,NA,NA,NA,NA,NA,NA,NA,NA,NA,NA,NA,NA,0,
BC4208,sample,plateCO1_02,HC00370264,could not produce consensus,NA,NA,NA,NA,NA,NA,NA,NA,NA,NA,NA,NA,0,
BC4248,sample,plateCO1_02,HC00370264,could not produce consensus,NA,NA,NA,NA,NA,NA,NA,NA,NA,NA,NA,NA,0,
BC4269,sample,plateCO1_02,HC00370264,could not produce consensus,NA,NA,NA,NA,NA,NA,NA,NA,NA,NA,NA,NA,0,
BC4356,sample,plateCO1_02,HC00370264,could not produce consensus,NA,NA,NA,NA,NA,NA,NA,NA,NA,NA,NA,NA,0,
BC4379,sample,plateCO1_02,HC00370264,could not produce consensus,NA,NA,NA,NA,NA,NA,NA,NA,NA,NA,NA,NA,0,
BC4166,sample,plateCO1_02,HC00370264,could not produce consensus,NA,NA,NA,NA,NA,NA,NA,NA,NA,NA,NA,NA,0,
BC4341,sample,plateCO1_02,HC00370264,could not produce consensus,NA,NA,NA,NA,NA,NA,NA,NA,NA,NA,NA,NA,0,
BC4358,sample,plateCO1_02,HC00370264,could not produce consensus,NA,NA,NA,NA,NA,NA,NA,NA,NA,NA,NA,NA,0,
BC4413,sample,plateCO1_02,HC00370264,could not produce consensus,NA,NA,NA,NA,NA,NA,NA,NA,NA,NA,NA,NA,0,
BC4147,sample,plateCO1_02,HC00370264,could not produce consensus,NA,NA,NA,NA,NA,NA,NA,NA,NA,NA,NA,NA,0,
BC4218,sample,plateCO1_02,HC00370264,could not produce consensus,NA,NA,NA,NA,NA,NA,NA,NA,NA,NA,NA,NA,0,
BC4303,sample,plateCO1_02,HC00370264,could not produce consensus,NA,NA,NA,NA,NA,NA,NA,NA,NA,NA,NA,NA,0,
BC4360,sample,plateCO1_02,HC00370264,could not produce consensus,NA,NA,NA,NA,NA,NA,NA,NA,NA,NA,NA,NA,0,
BC4384,sample,plateCO1_02,HC00370264,could not produce consensus,NA,NA,NA,NA,NA,NA,NA,NA,NA,NA,NA,NA,0,
BC4407,sample,plateCO1_02,HC00370264,could not produce consensus,NA,NA,NA,NA,NA,NA,NA,NA,NA,NA,NA,NA,0,
BC4154,sample,plateCO1_02,HC00370264,could not produce consensus,NA,NA,NA,NA,NA,NA,NA,NA,NA,NA,NA,NA,0,
BC4241,sample,plateCO1_02,HC00370264,could not produce consensus,NA,NA,NA,NA,NA,NA,NA,NA,NA,NA,NA,NA,0,
BC4259,sample,plateCO1_02,HC00370264,could not produce consensus,NA,NA,NA,NA,NA,NA,NA,NA,NA,NA,NA,NA,0,
BC4306,sample,plateCO1_02,HC00370264,could not produce consensus,NA,NA,NA,NA,NA,NA,NA,NA,NA,NA,NA,NA,0,
BC4352,sample,plateCO1_02,HC00370264,could not produce consensus,NA,NA,NA,NA,NA,NA,NA,NA,NA,NA,NA,NA,0,
BC4409,sample,plateCO1_02,HC00370264,could not produce consensus,NA,NA,NA,NA,NA,NA,NA,NA,NA,NA,NA,NA,0,
BC4155,sample,plateCO1_02,HC00370264,could not produce consensus,NA,NA,NA,NA,NA,NA,NA,NA,NA,NA,NA,NA,0,
BC4320,sample,plateCO1_02,HC00370264,could not produce consensus,NA,NA,NA,NA,NA,NA,NA,NA,NA,NA,NA,NA,0,
BC4410,sample,plateCO1_02,HC00370264,could not produce consensus,NA,NA,NA,NA,NA,NA,NA,NA,NA,NA,NA,NA,0,
BC4202,sample,plateCO1_02,HC00370264,could not produce consensus,NA,NA,NA,NA,NA,NA,NA,NA,NA,NA,NA,NA,0,
BC4284,sample,plateCO1_02,HC00370264,could not produce consensus,NA,NA,NA,NA,NA,NA,NA,NA,NA,NA,NA,NA,0,
BC4388,sample,plateCO1_02,HC00370264,could not produce consensus,NA,NA,NA,NA,NA,NA,NA,NA,NA,NA,NA,NA,0,
BC4177,sample,plateCO1_02,HC00370264,could not produce consensus,NA,NA,NA,NA,NA,NA,NA,NA,NA,NA,NA,NA,0,
BC4206,sample,plateCO1_02,HC00370264,could not produce consensus,NA,NA,NA,NA,NA,NA,NA,NA,NA,NA,NA,NA,0,
BC4391,sample,plateCO1_02,HC00370264,could not produce consensus,NA,NA,NA,NA,NA,NA,NA,NA,NA,NA,NA,NA,0,
BC4412,sample,plateCO1_02,HC00370264,could not produce consensus,NA,NA,NA,NA,NA,NA,NA,NA,NA,NA,NA,NA,0,
BC4414,sample,plateCO1_03,HC00370264,could not produce consensus,NA,NA,NA,NA,NA,NA,NA,NA,NA,NA,NA,NA,0,
BC4476,sample,plateCO1_03,HC00370264,could not produce consensus,NA,NA,NA,NA,NA,NA,NA,NA,NA,NA,NA,NA,0,
BC4533,sample,plateCO1_03,HC00370264,could not produce consensus,NA,NA,NA,NA,NA,NA,NA,NA,NA,NA,NA,NA,0,
BC4869,sample,plateCO1_03,HC00370264,could not produce consensus,NA,NA,NA,NA,NA,NA,NA,NA,NA,NA,NA,NA,0,
BC4881,sample,plateCO1_03,HC00370264,could not produce consensus,NA,NA,NA,NA,NA,NA,NA,NA,NA,NA,NA,NA,0,
BC4417,sample,plateCO1_03,HC00370264,could not produce consensus,NA,NA,NA,NA,NA,NA,NA,NA,NA,NA,NA,NA,0,
BC4480,sample,plateCO1_03,HC00370264,could not produce consensus,NA,NA,NA,NA,NA,NA,NA,NA,NA,NA,NA,NA,0,
BC4466,sample,plateCO1_03,HC00370264,could not produce consensus,NA,NA,NA,NA,NA,NA,NA,NA,NA,NA,NA,NA,0,
BC4886,sample,plateCO1_03,HC00370264,could not produce consensus,NA,NA,NA,NA,NA,NA,NA,NA,NA,NA,NA,NA,0,
BC4911,sample,plateCO1_03,HC00370264,could not produce consensus,NA,NA,NA,NA,NA,NA,NA,NA,NA,NA,NA,NA,0,
BC4469,sample,plateCO1_03,HC00370264,could not produce consensus,NA,NA,NA,NA,NA,NA,NA,NA,NA,NA,NA,NA,0,
BC4912,sample,plateCO1_03,HC00370264,could not produce consensus,NA,NA,NA,NA,NA,NA,NA,NA,NA,NA,NA,NA,0,
BC4424,sample,plateCO1_03,HC00370264,could not produce consensus,NA,NA,NA,NA,NA,NA,NA,NA,NA,NA,NA,NA,0,
BC4486,sample,plateCO1_03,HC00370264,could not produce consensus,NA,NA,NA,NA,NA,NA,NA,NA,NA,NA,NA,NA,0,
BC4473,sample,plateCO1_03,HC00370264,could not produce consensus,NA,NA,NA,NA,NA,NA,NA,NA,NA,NA,NA,NA,0,
BC4904,sample,plateCO1_03,HC00370264,could not produce consensus,NA,NA,NA,NA,NA,NA,NA,NA,NA,NA,NA,NA,0,
BC5408,sample,plateCO1_03,HC00370264,could not produce consensus,NA,NA,NA,NA,NA,NA,NA,NA,NA,NA,NA,NA,0,
BC4474,sample,plateCO1_03,HC00370264,could not produce consensus,NA,NA,NA,NA,NA,NA,NA,NA,NA,NA,NA,NA,0,
BC4489,sample,plateCO1_03,HC00370264,could not produce consensus,NA,NA,NA,NA,NA,NA,NA,NA,NA,NA,NA,NA,0,
BC4532,sample,plateCO1_03,HC00370264,could not produce consensus,NA,NA,NA,NA,NA,NA,NA,NA,NA,NA,NA,NA,0,
BC4868,sample,plateCO1_03,HC00370264,could not produce consensus,NA,NA,NA,NA,NA,NA,NA,NA,NA,NA,NA,NA,0,
BC5413,sample,plateCO1_03,HC00370264,could not produce consensus,NA,NA,NA,NA,NA,NA,NA,NA,NA,NA,NA,NA,0,
