N,Sample_number,PlasmoSpec_Molecular_marker,Category,PlasmoSpec_Result,PlasmoSpec_Macrogen_order,Well,Remarks,PlasmoSpec_Sequence,PlasmoSpec_Conflicts,PlasmoSpec_Description,PlasmoSpec_Scientific_name,Max Score,Total score,Query cover,E value,PlasmoSpec_Identity,Accession length,Accession,PlasmoSpec_Nucleotide_seq_length,PlasmoSpec_Nucleotide_seq
73,BC0015,cytB,sample,Bad sequence,HC00384257,NA,NA,consensus,NA,NA,Bad sequence,NA,NA,NA,NA,NA,NA,NA,0,
74,BC0099,cytB,sample,Plasmodium cynomolgi,HC00384257,NA,NA,consensus,NA,NA,Plasmodium cynomolgi,NA,NA,NA,NA,100,NA,NA,980,TTATAAATAAACGACCATATAAAATGAAAATATCTTGTGGTAATTGACATCCAATCCATAATAAAGCATAGAATGAACACATAAACCATATCATTGGTACTGAGTATTCTCTAGCACCAAATGTCATTTTAAATTGTATTATAGTAGTTAAACTTCTTTGTTCAGCTAATAAAAATAATAATTGTAAAGATGCTAAAACAATTAATAAACCTGCTGTTTTACTAGGTATTGTTTTTAACATTGCATAAAATGGTAAAAAGTACCATTCAGGAACAATTTGAATTGGTGTAACATATGTATTTACTAATATAGCATTATCTGGATGAGATAATGGAATTATACCAAAAATACTTTGTAATAAGAATAATATAAATATATTATTAAATCCTTTTACATCAAGACTTAATAGATTTGGATAGAAGGGTATTTTTAAAGCTGTATCATACCCTAAAGGATTTGTGCTACCATGTAAATGTAAAAAGAATATATGTATAAATACAATACATAATGCTACAAAAGGAAGTATAAAATGTAATACAAAAAATCTTTTAATTGTAGGATCACTTACTGTATATCCTCCACATAACCAAATAACTAATACTGGAATTGAAGATAATAAATTAGTTATAACAGTTGCACCCCAATAACTCATTTGTCCCCAAGGTAAAACATAACCTATAAAAGCTGTAACTATAAATAATGCAAATATGATTAATCCTGATATCCATGATAAAGGTAGATATAAATATGAATAATTTAGTCCTCTTAAAATATGTAAATAAGTTAATAAGAATACAAGAGATGCACCTGTAGCATGCATATATCTAAAACACCATCCACTCCATAATTCTCTTAAAATATGTTGTATACTATAATATGCATAAGATATTTCTGGAGTATAACGACTAGCTAAAAATACACCTGTTAATATTTGTATAAAGAATATTATACCTAAAAGAAATCCATAATTCCATAAGAAA
75,BC0121,cytB,sample,Plasmodium vivax,HC00384257,NA,NA,consensus,NA,NA,Plasmodium vivax,NA,NA,NA,NA,100,NA,NA,997,TTTCTTATGGAATTATGGATTTCTTTTAGGTATTATATTCTTTATACAAATATTAACAGGTGTATTTTTAGCAAGTCGTTATACTCCAGAAATATCTTATGCATATTATAGTATACAACATATTTTAAGAGAATTATGGAGTGGATGGTGTTTTAGATATATGCATGCTACAGGTGCATCTCTTGTATTCTTATTAACTTATTTACACATTTTAAGAGGATTAAATTATTCATATTTATATTTACCATTATCATGGATATCAGGATTAATCATATTTGCATTATTTATAGTTACAGCTTTTATAGGTTACGTTTTACCTTGGGGACAAATGAGTTATTGGGGTGCAACTGTTATAACTAATTTATTATCTTCAATTCCAGTATTAGTAATTTGGTTATGTGGAGGATATACTGTAAGTGATCCTACAATTAAAAGATTTTTTGTATTACATTTTATACTTCCTTTTGTAGCATTATGTATTGTATTTATACATATATTCTTTTTACATTTACATGGTAGCACAAATCCTTTAGGGTATGATACAGCTTTAAAAATACCCTTCTATCCAAATCTATTAAGTCTTGATGTAAAAGGATTTAATAATATATTTATATTATTCTTATTACAAAGTATTTTTGGTATAATTCCATTATCTCATCCAGATAATGCTATATTAGTTAATACATATGTTACACCAATTCAAATTGTTCCTGAATGGTACTTTTTACCATTTTATGCAATGTTAAAAACAATACCTAGTAAAACAGCAGGTTTATTAATTGTTTTAGCATCTTTACAATTATTATTTTTATTAGCTGAACAAAGAAGTTTAACTACTATAATACAATTTAAAATGACATTTGGTGCTAGAGAATATTCAGTACCAATGATATGGTTTATGTGTTCATTCTATGCTTTATTATGGATTGGATGTCAGTTACCACAAGATATTTTTATTTTATATGGTCGTTTATTTATAATATCATTCTTCTCTAGT
76,BC0175,cytB,sample,Plasmodium inui,HC00384257,NA,NA,consensus,NA,NA,Plasmodium inui,NA,NA,NA,NA,99.4,NA,NA,1000,TCCACTAGAGAAGAATATTATTATAAATAAACGACCATATAAAATGAAAATATCTTGTGGTAATTGACATCCAATCCATAATAAAGCATAGAATGAACACATAAACCATATCATTGGTACTGAATATTCTCTAGCACCAAATGTCATTTTAAATTGTATTATAGTAGTTAAATTTCTTTGTTCAGCAAATAAAAATAATAATTGTAAAGATGCTAAAACAATTAATAAACCTGCTGTTTTACTAGGTATTGTTTTTAATATTGCATAAAATGGTAAGAAGTACCATTCAGGAACAATTTGAATTGGTGTAACATATGTATTAACTAATATAGCATTATCTGGATGAGATAATGGAATTATACCAAAAATACTTTGTAATAAGAATAATATAAATATATTATTAAATCCTTTTACATCAAGACTTAATAGATTTGGATAGAAGGGTATTTTAAAAGCTGTATCATACCCTAAAGGATTTGTGCTACCGTGTAAATGTAAAAAGAATATATGTATAAATACAATACATAGTGCTATAAAAGGAAGTATAAAATGTAATATAAAAAATCTTTTAATTGTAGGATCACTAACTGTATATCCTCCACATAACCAAATAACTAATACTGGAATTGAAGATAATAAATTAGTTATAACTGTTGCACCCCAATAACTCATTTGTCCCCAAGGTAAAACATAACCTATAAAAGCTGTTACTATAAATAATGCAAATATTACTAATCCTGATATCCATGATAAAGGTAGATATAAATATGAGTAATTTAATCCTCTTAAAATGTGTAAGTAAGTTAATAAAAATACAAGAGATGCACCTGTAGCATGCATATATCTAAAACACCATCCACTCCATAATTCTCTTAAAATATGTTGTATACTATAATATGCATAAGATATTTCTGGAGTATAACGACTAGCTAAGAATACACCTGTTAATATTTGTATAAAGAATATAATACCTAAAAGAAATCCATAATTCCATAAGAAA
77,BC0230,cytB,sample,Plasmodium cynomolgi,HC00384257,NA,NA,consensus,NA,NA,Plasmodium cynomolgi,NA,NA,NA,NA,100,NA,NA,1000,TCCACTAGAGAAGAATAATATTATAAATAAACGACCATATAAAATGAAAATATCTTGTGGTAATTGACATCCAATCCATAATAAAGCATAGAATGAACACATAAACCATATCATTGGTACTGAGTATTCTCTAGCACCAAATGTCATTTTAAATTGTATTATAGTAGTTAAACTTCTTTGTTCAGCTAATAAAAATAATAATTGTAAAGATGCTAAAACAATTAATAAACCTGCTGTTTTACTAGGTATTGTTTTTAACATTGCATAAAATGGTAAAAAGTACCATTCAGGAACAATTTGAATTGGTGTAACATATGTATTTACTAATATAGCATTATCTGGATGAGATAATGGAATTATACCAAAAATACTTTGTAATAAGAATAATATAAATATATTATTAAATCCTTTTACATCAAGACTTAATAGATTTGGATAGAAGGGTATTTTTAAAGCTGTATCATACCCTAAAGGATTTGTGCTACCATGTAAATGTAAAAAGAATATATGTATAAATACAATACATAATGCTACAAAAGGAAGTATAAAATGTAATACAAAAAATCTTTTAATTGTAGGATCACTTACTGTATATCCTCCACATAACCAAATAACTAATACTGGAATTGAAGATAATAAATTAGTTATAACAGTTGCACCCCAATAACTCATTTGTCCCCAAGGTAAAACATAACCTATAAAAGCTGTAACTATAAATAATGCAAATATGATTAATCCTGATATCCATGATAAAGGTAGATATAAATATGAATAATTTAGTCCTCTTAAAATATGTAAATAAGTTAATAAGAATACAAGAGATGCACCTGTAGCATGCATATATCTAAAACACCATCCACTCCATAATTCTCTTAAAATATGTTGTATACTATAATATGCATAAGATATTTCTGGAGTATAACGACTAGCTAAAAATACACCTGTTAATATTTGTATAAAGAATATTATACCTAAAAGAAATCCATAATTCCATAAGAAA
78,BC0253,cytB,sample,Plasmodium inui,HC00384257,NA,NA,consensus,NA,NA,Plasmodium inui,NA,NA,NA,NA,99.895,NA,NA,952,AGGTATTATATTCTTTATACAAATATTAACAGGTATATTCTTAGCTAGTCGTTATACTCCAGAAATGTCTTATGCATATTATAGTATACAACATATTTTAAGAGAATTATGGAGTGGATGGTGTTTTAGATATATGCATGCTACAGGTGCATCTCTTGTATTTTTATTAACTTACTTACACATTTTAAGAGGATTAAACTATTCATATTTATATCTACCTTTATCATGGATATCAGGATTAGTAATATTTGCATTATTAATAATAACAGCTTTTATAGGTTACGTTTTACCTTGGGGACAAATGAGTTATTGGGGTGCAACAGTTATAACTAATTTATTATCTTCAATTCCAGTATTAGTTATTTGGTTATGTGGAGGATATACAGTTAGTGATCCTACAATTAAAAGATTTTTTGTATTACATTTTATACTTCCTTTTGTAGCACTATGTATTGTATTTATACATATATTCTTTTTACATTTACACGGTAGCACTAATCCTTTAGGGTATGATACAGCTTTTAAAATACCCTTCTATCCAAATCTATTAAGTCTTGATGTAAAAGGATTTAATAATATATTTATATTATTCTTATTACAAAGTATTTTTGGTATAATTCCATTATCTCATCCAGATAATGCTATATTAGTAAATACATATGTAACACCAATTCAAATTGTTCCTGAATGGTACTTTTTACCATTTTATGCAATATTAAAAACAATACCTAGTAAAACAGCAGGTTTATTAATTGTTTTAGCATCTTTACAATTATTATTTTTATTTGCTGAACAAAGAAATTTAACTACTATAATACAGTTTAAAATGACATTTGGTGCTAGAGAATATTCTCTACCAATGATATGGTTTATGTGTTCATTCTATGCTTTATTATGGATTGGATGTCAATTACCACAAGATATTTTCATTTTATATGGTCGTTTATTTATA
79,BC0255,cytB,sample,Plasmodium coatneyi,HC00384257,NA,NA,consensus,NA,NA,Plasmodium coatneyi,NA,NA,NA,NA,99.9,NA,NA,1000,TTTCTTATGGAATTACGGATTTCTTCTAGGTATTATATTCTTTATACAAATATTAACAGGTGTATTTTTAGCTAGTCGTTATACTCCAGAAATTTCTTATGCATATTATAGTATACAACATATTTTAAGAGAGTTATGGAGTGGATGGTGTTTTAGATATATGCATGCTACAGGTGCATCTCTTGTGTTCTTATTAACTTATTTACATATTTTAAGAGGATTAAATTATTCATATTTATATTTACCTTTATCATGGATATCAGGATTAATTATATTTGCATTATTTATAGTTACAGCTTTTATAGGTTATGTTTTACCTTGGGGACAAATGAGTTATTGGGGTGCAACTGTTATAACAAATTTATTATCTTCAATTCCAGTACTAGTTATTTGGTTATGTGGAGGATATACAGTAAGTGATCCAACAATAAAAAGATTTTTTGTATTACATTTTATACTTCCTTTTGTAGCATTATGTATTGTATTTATACATATATTCTTTTTACATTTACATGGTAGCACAAATCCTTTAGGGTATGATACAGCATTAAAAATACCCTTTTATCCAAATCTATTAAGTCTTGATGTTAAAGGATTTAATAATATATTTATATTATTCTTATTGCAAAGTATTTTTGGTATAATTCCATTATCTCATCCAGATAATGCTATATTAGTCAATACATATGTTACACCAATTCAAATAGTTCCTGAATGGTACTTTTTACCATTTTATGCAATGTTAAAAACAATACCTAGTAAAACAGCAGGATTATTAATTGTTTTAACATCTTTACAATTATTATTTTTATTAGCTGAACAAAGAAGTTTAACTACTATAATACAATTTAAAATGACATTTGGTGCTAGAGAATATTCAGTACCAATGATATGGTTTATGTGTTCATTCTATGCTTTATTATGGATTGGATGTCAATTACCACAAGATATTTTCATTTTATATGGTCGTTTATTTATAATATTATTCTTCTCTAGTGGA
80,BC0266,cytB,sample,Plasmodium inui,HC00384257,NA,NA,consensus,NA,NA,Plasmodium inui,NA,NA,NA,NA,99.393,NA,NA,988,TCCACTAGAGAAGAATATTATTATAAATAAACGACCATATAAAATGAAAATATCTTGTGGTAATTGACATCCAATCCATAATAAAGCATAGAATGAACACATAAACCATATCATTGGTACTGAATATTCTCTAGCACCAAATGTCATTTTAAATTGTATTATAGTAGTTAAATTTCTTTGTTCAGCAAATAAAAATAATAATTGTAAAGATGCTAAAACAATTAATAAACCTGCTGTTTTACTAGGTATTGTTTTTAATATTGCATAAAATGGTAAGAAGTACCATTCAGGAACAATTTGAATTGGTGTAACATATGTATTAACTAATATAGCATTATCTGGATGAGATAATGGAATTATACCAAAAATACTTTGTAATAAGAATAATATAAATATATTATTAAATCCTTTTACATCAAGACTTAATAGATTTGGATAGAAGGGTATTTTAAAAGCTGTATCATACCCTAAAGGATTTGTGCTACCGTGTAAATGTAAAAAGAATATATGTATAAATACAATACATAGTGCTATAAAAGGAAGTATAAAATGTAATATAAAAAATCTTTTAATTGTAGGATCACTAACTGTATATCCTCCACATAACCAAATAACTAATACTGGAATTGAAGATAATAAATTAGTTATAACTGTTGCACCCCAATAACTCATTTGTCCCCAAGGTAAAACATAACCTATAAAAGCTGTTACTATAAATAATGCAAATATTACTAATCCTGATATCCATGATAAAGGTAGATATAAATATGAGTAATTTAATCCTCTTAAAATGTGTAAATAAGTTAATAAAAATACAAGAGATGCACCTGTAGCATGCATATATCTAAAACACCATCCACTCCATAATTCTCTTAAAATATGTTGTATACTATAATATGCATAAGATATTTCTGGAGTATAACGACTAGCTAAGAATACACCTGTTAATATTTGTATAAAAAATATAATACCTAAAAGAAATCCATAA
81,BC0349,cytB,sample,Plasmodium inui,HC00384257,NA,NA,consensus,NA,NA,Plasmodium inui,NA,NA,NA,NA,99.79,NA,NA,951,GTATTATATTCTTTATACAAATATTAACAGGTATATTTTTAGCTAGTCGTTATACTCCAGAAATGTCTTATGCATATTATAGTATACAACATATTTTAAGAGAATTATGGAGTGGATGGTGTTTTAGATATATGCATGCTACAGGTGCATCTCTTGTATTTTTATTAACTTACTTACACATTTTAAGAGGATTAAACTATTCATATTTATATCTACCTTTATCATGGATATCAGGATTAGTAATATTTGCATTATTAATAATAACAGCTTTTATAGGTTACGTTTTACCTTGGGGACAAATGAGTTATTGGGGTGCAACAGTTATAACTAATTTATTATCTTCAATTCCAGTATTAGTTATTTGGTTATGTGGAGGATATACAGTTAGTGATCCTACAATTAAAAGATTTTTTGTATTACATTTTATACTTCCTTTTGTAGCACTATGTATTGTATTTATACATATATTCTTTTTACATTTACACGGTAGCACTAATCCTTTAGGGTATGATACAGCTTTTAAAATACCCTTCTATCCAAATCTATTAAGTCTTGATGTAAAAGGATTTAATAATATATTTATATTATTCTTATTACAAAGTATTTTTGGTATAATTCCATTATCTCATCCAGATAATGCTATATTAGTAAATACATATGTAACACCAATTCAAATTGTTCCTGAATGGTACTTTTTACCATTTTATGCAATATTAAAAACAATACCTAGTAAAACAGCAGGTTTATTAATTGTTTTAGCATCTTTACAATTATTATTTTTATTTGCTGAACAAAGAAATTTAACTACTATAATACAGTTTAAAATGACATTTGGTGCTAGAGAATATTCTCTACCAATGATATGGTTTATGTGTTCATTCTATGCTTTATTATGGATTGGATGTCAATTACCACAAGATATTTTCATTTTATATGGTCGTTTATTTATAA
82,BC0642,cytB,sample,Bad sequence,HC00384257,NA,NA,consensus,NA,NA,Bad sequence,NA,NA,NA,NA,NA,NA,NA,0,
1,BC0829,cytB,sample,Plasmodium vivax,HC00393139,A1,NA,consensus,NA,NA,NA,NA,NA,NA,NA,100.0,NA,NA,991,ATATTAATTTCTTATGGAATTATGGATTTCTTTTAGGTATTATATTCTTTATACAAATATTAACAGGTGTATTTTTAGCAAGTCGTTATACTCCAGAAATATCTTATGCATATTATAGTATACAACATATTTTAAGAGAATTATGGAGTGGATGGTGTTTTAGATATATGCATGCTACAGGTGCATCTCTTGTATTCTTATTAACTTATTTACACATTTTAAGAGGATTAAATTATTCATATTTATATTTACCATTATCATGGATATCAGGATTAATCATATTTGCATTATTTATAGTTACAGCTTTTATAGGTTACGTTTTACCTTGGGGACAAATGAGTTATTGGGGTGCAACTGTTATAACTAATTTATTATCTTCAATTCCAGTATTAGTAATTTGGTTATGTGGAGGATATACTGTAAGTGATCCTACAATTAAAAGATTTTTTGTATTACATTTTATACTTCCTTTTGTAGCATTATGTATTGTATTTATACATATATTCTTTTTACATTTACATGGTAGCACAAATCCTTTAGGGTATGATACAGCTTTAAAAATACCCTTCTATCCAAATCTATTAAGTCTTGATGTAAAAGGATTTAATAATATATTTATATTATTCTTATTACAAAGTATTTTTGGTATAATTCCATTATCTCATCCAGATAATGCTATATTAGTTAATACATATGTTACACCAATTCAAATTGTTCCTGAATGGTACTTTTTACCATTTTATGCAATGTTAAAAACAATACCTAGTAAAACAGCAGGTTTATTAATTGTTTTAGCATCTTTACAATTATTATTTTTATTAGCTGAACAAAGAAGTTTAACTACTATAATACAATTTAAAATGACATTTGGTGCTAGAGAATATTCAGTACCAATGATATGGTTTATGTGTTCATTCTATGCTTTATTATGGATTGGATGTCAGTTACCACAAGATATTTTTATTTTATATGGTCGTTTATTTATAATATC
83,BC0870,cytB,sample,Bad sequence,HC00384257,NA,NA,consensus,NA,NA,Bad sequence,NA,NA,NA,NA,NA,NA,NA,0,
84,BC1105,cytB,sample,Bad sequence,HC00384257,NA,NA,consensus,NA,NA,Bad sequence,NA,NA,NA,NA,NA,NA,NA,0,
85,BC1192,cytB,sample,Plasmodium coatneyi,HC00384257,NA,NA,consensus,NA,NA,Plasmodium coatneyi,NA,NA,NA,NA,99.9,NA,NA,1000,TCCACTAGAGAAGAATAATATTATAAATAAACGACCATATAAAATGAAAATATCTTGTGGTAATTGACATCCAATCCATAATAAAGCATAGAATGAACACATAAACCATATCATTGGTACTGAATATTCTCTAGCACCAAATGTCATTTTAAATTGTATTATAGTAGTTAAACTTCTTTGTTCAGCTAATAAAAATAATAATTGTAAAGATGTTAAAACAATTAATAATCCTGCTGTTTTACTAGGTATTGTTTTTAACATTGCATAAAATGGTAAAAAGTACCATTCAGGAACTATTTGAATTGGTGTAACATATGTATTGACTAATATAGCATTATCTGGATGAGATAATGGAATTATACCAAAAATACTTTGCAATAAGAATAATATAAATATATTATTAAATCCTTTAACATCAAGACTTAATAGATTTGGATAAAAGGGTATTTTTAATGCTGTATCATACCCTAAAGGATTTGTGCTACCATGTAAATGTAAAAAGAATATATGTATAAATACAATACATAATGCTACAAAAGGAAGTATAAAATGTAATACAAAAAATCTTTTTATTGTTGGATCACTTACTGTATATCCTCCACATAACCAAATAACTAGTACTGGAATTGAAGATAATAAATTTGTTATAACAGTTGCACCCCAATAACTCATTTGTCCCCAAGGTAAAACATAACCTATAAAAGCTGTAACTATAAATAATGCAAATATAATTAATCCTGATATCCATGATAAAGGTAAATATAAATATGAATAATTTAATCCTCTTAAAATATGTAAATAAGTTAATAAGAACACAAGAGATGCACCTGTAGCATGCATATATCTAAAACACCATCCACTCCATAACTCTCTTAAAATATGTTGTATACTATAATATGCATAAGAAATTTCTGGAGTATAACGACTAGCTAAAAATACACCTGTTAATATTTGTATAAAGAATATAATACCTAGAAGAAATCCGTAATTCCATAAGAAA
86,BC1198,cytB,sample,Plasmodium coatneyi,HC00384257,NA,NA,consensus,NA,NA,Plasmodium coatneyi,NA,NA,NA,NA,99.896,NA,NA,959,CTAGGTATTATATTCTTTATACAAATATTAACAGGTGTATTTTTAGCTAGTCGTTATACTCCAGAAATTTCTTATGCATATTATAGTATACAACATATTTTAAGAGAGTTATGGAGTGGATGGTGTTTTAGATATATGCATGCTACAGGTGCATCTCTTGTGTTCTTATTAACTTATTTACATATTTTAAGAGGATTAAATTATTCATATTTATATTTACCTTTATCATGGATATCAGGATTAATTATATTTGCATTATTTATAGTTACAGCTTTTATAGGTTATGTTTTACCTTGGGGACAAATGAGTTATTGGGGTGCAACTGTTATAACAAATTTATTATCTTCAATTCCAGTACTAGTTATTTGGTTATGTGGAGGATATACAGTAAGTGATCCAACAATAAAAAGATTTTTTGTATTACATTTTATACTTCCTTTTGTAGCATTATGTATTGTATTTATACATATATTCTTTTTACATTTACATGGTAGCACAAATCCTTTAGGGTATGATACAGCATTAAAAATACCCTTTTATCCAAATCTATTAAGTCTTGATGTTAAAGGATTTAATAATATATTTATATTATTCTTATTGCAAAGTATTTTTGGTATAATTCCATTATCTCATCCAGATAATGCTATATTAGTCAATACATATGTTACACCAATTCAAATAGTTCCTGAATGGTACTTTTTACCATTTTATGCAATGTTAAAAACAATACCTAGTAAAACAGCAGGATTATTAATTGTTTTAACATCTTTACAATTATTATTTTTATTAGCTGAACAAAGAAGTTTAACTACTATAATACAATTTAAAATGACATTTGGTGCTAGAGAATATTCAGTACCAATGATATGGTTTATGTGTTCATTCTATGCTTTATTATGGATTGGATGTCAATTACCACAAGATATTTTCATTTTATATGGTCGTTTATTTATAATATT
2,BC1199,cytB,sample,Bad sequence,HC00393139,B1,NA,consensus,NA,NA,NA,NA,NA,NA,NA,NA,NA,NA,0,
87,BC1202,cytB,sample,Plasmodium inui,HC00384257,NA,NA,consensus,NA,NA,Plasmodium inui,NA,NA,NA,NA,99.899,NA,NA,986,TTATAAATAAACGACCATATAAAATGAAAATATCTTGTGGTAATTGACATCCAATCCATAATAAAGCATAGAATGAACACATAAACCATATCATTGGTAGAGAATATTCTCTAGCACCAAATGTCATTTTAAACTGTATTATAGTAGTTAAATTTCTTTGTTCAGCAAATAAAAATAATAATTGTAAAGATGCTAAAACAATTAATAAACCTGCTGTTTTACTAGGTATTGTTTTTAATATTGCATAAAATGGTAAAAAGTACCATTCAGGAACAATTTGAATTGGTGTTACATATGTATTTACTAATATAGCATTATCTGGATGAGATAATGGAATTATACCAAAAATACTTTGTAATAAGAATAATATAAATATATTATTAAATCCTTTTACATCAAGACTTAATAGATTTGGATAGAAGGGTATTTTAAAAGCTGTATCATACCCTAAAGGATTAGTGCTACCGTGTAAATGTAAAAAGAATATATGTATAAATACAATACATAGTGCTACAAAAGGAAGTATAAAATGTAATACAAAAAATCTTTTAATTGTAGGATCACTAACTGTATATCCTCCACATAACCAAATAACTAATACTGGAATTGAAGATAATAAATTAGTTATAACTGTTGCACCCCAATAACTCATTTGTCCCCAAGGTAAAACGTAACCTATAAAAGCTGTTATTATTAATAATGCAAATATTACTAATCCTGATATCCATGATAAAGGTAGATATAAATATGAATAGTTTAATCCTCTTAAAATGTGTAAGTAAGTTAATAAAAATACAAGAGATGCACCTGTAGCATGCATATATCTAAAACACCATCCACTCCATAATTCTCTTAAAATATGTTGTATACTATAATATGCATAAGACATTTCTGGAGTATAACGACTAGCTAAGAATATACCTGTTAATATTTGTATAAAGAATATAATACCTAAAAGAAATCCGTAATTCCATAAGAAATTTATA
3,BC1379,cytB,sample,Plasmodium hylobati,HC00393139,C1,NA,consensus,NA,NA,NA,NA,NA,NA,NA,98.5,NA,NA,1005,TCCACTAGAGAAGAATAATATTATAAATAAACGACCATATAAAATGAAAATATCTTGTGGTAATTGACATCCAATCCATAATAGAGCATAGAATGAACACATAAACCATATCATTGGTACTGAATATTCTCTAGCACCAAATGTCATTTTAAATTGTATTATAGTAGTTAAATTTCTTTGTTCAGCTAATAAAAATAATAATTGTAAAGATGCTAAAACAATTAATAAACCTGCTGTTTTACTAGGTATTGTTTTTAACATTGCGTAAAATGGTAAAAAGTACCATTCAGGAACAATTTGAATTGGTGTAACATATGTATTAACTAGTATAGCATTATCTGGATGAGATAATGGAATTATACCAAAAATACTTTGTAGTAAGAATAATATAAATATATTGTTAAATCCTTTTACATCAAGACTTAATAGATTTGGATAGAAGGGTATTTTTAAAGCTGTATCATACCCTAAAGGATTTGTGCTACCATGTAAATGTAAGAAGAATATATGTATAAATACAATACATAATGCTACAAAAGGAAGTATAAAATGTAGTACAAAAAATCTTTTGATAGTAGGATCACTTACTGTATATCCTCCACATAACCAGATAACTAATACTGGAATTGAAGATAATAAATTAGTTATAACTGTTGCACCCCAATAACTCATTTGTCCCCAAGGTAAAACATAACCTATAAAAGCTGTAACTATAAATAATGCAAATATTACTAACCCTGATATCCATGATAAAGGTAGGTATAAATATGAATAATTTAATCCTCTTAAAATATGTAAGTAAGTTAATAAGAATACAAGAGATGCACCTGTAGCATGCATATATCTAAAACACCATCCACTCCATAATTCTCTTAAAATATGTTGTATACTATAATATGCATAAGATACTTCTGGAGTATAACGACTAGCTAAGAATACACCTGTTAATATTTGTATAAAGAATATAATACCTAAAAGAAATCCATAATTCCATAAGAAATTAAT
4,BC1385,cytB,sample,Bad sequence,HC00393139,D1,NA,consensus,NA,NA,NA,NA,NA,NA,NA,NA,NA,NA,0,
5,BC1387,cytB,sample,Bad sequence,HC00393139,E1,NA,consensus,NA,NA,NA,NA,NA,NA,NA,NA,NA,NA,0,
6,BC1388,cytB,sample,Bad sequence,HC00393139,F1,NA,consensus,NA,NA,NA,NA,NA,NA,NA,NA,NA,NA,0,
7,BC1389,cytB,sample,Plasmodium inui,HC00393139,G1,NA,consensus,NA,NA,NA,NA,NA,NA,NA,99.4,NA,NA,1048,GTTATAATGAACAAGTGCAAATAATCCACTAGAGAAGAATATTATTATAAATAAACGACCATATAAAATGAAAATATCTTGTGGTAATTGACATCCAATCCATAATAAAGCATAGAATGAACACATAAACCATATCATTGGTACTGAATATTCTCTAGCACCAAATGTCATTTTAAATTGTATTATAGTAGTTAAATTTCTTTGTTCAGCAAATAAAAATAATAATTGTAAAGATGCTAAAACAATTAATAAACCTGCTGTTTTACTAGGTATTGTTTTTAATATTGCATAAAATGGTAAGAAGTACCATTCAGGAACAATTTGAATTGGTGTAACATATGTATTAACTAATATAGCATTATCTGGATGAGATAATGGAATTATACCAAAAATACTTTGTAATAAGAATAATATAAATATATTATTAAATCCTTTTACATCAAGACTTAATAGATTTGGATAGAAGGGTATTTTAAAAGCTGTATCATACCCTAAAGGATTTGTGCTACCGTGTAAATGTAAAAAGAATATATGTATAAATACAATACATAGTGCTATAAAAGGAAGTATAAAATGTAATATAAAAAATCTTTTAATTGTAGGATCACTAACTGTATATCCTCCACATAACCAAATAACTAATACTGGAATTGAAGATAATAAATTAGTTATAACTGTTGCACCCCAATAACTCATTTGTCCCCAAGGTAAAACATAACCTATAAAAGCTGTTACTATAAATAATGCAAATATTACTAATCCTGATATCCATGATAAAGGTAGATATAAATATGAGTAATTTAATCCTCTTAAAATGTGTAAGTAAGTTAATAAAAATACAAGAGATGCACCTGTAGCATGCATATATCTAAAACACCATCCACTCCATAATTCTCTTAAAATATGTTGTATACTATAATATGCATAAGATATTTCTGGAGTATAACGACTAGCTAAGAATACACCTGTTAATATTTGTATAAAGAATATAATACCTAAAAGAAATCCATAATTCCATAAGAAATTAATATTTAATGGGCATGGATAA
8,BC1436,cytB,sample,Plasmodium inui,HC00393139,H1,NA,consensus,NA,NA,NA,NA,NA,NA,NA,99.9,NA,NA,980,TTATAAATAAACGACCATATAAAATGAAAATATCTTGTGGTAATTGACATCCAATCCATAATAAAGCATAGAATGAACACATAAACCATATCATTGGTAGAGAATATTCTCTAGCACCAAATGTCATTTTAAACTGTATTATAGTAGTTAAATTTCTTTGTTCAGCAAATAAAAATAATAATTGTAAAGATGCTAAAACAATTAATAAACCTGCTGTTTTACTAGGTATTGTTTTTAATATTGCATAAAATGGTAAAAAGTACCATTCAGGAACAATTTGAATTGGTGTTACATATGTATTTACTAATATAGCATTATCTGGATGAGATAATGGAATTATACCAAAAATACTTTGTAATAAGAATAATATAAATATATTATTAAATCCTTTTACATCAAGACTTAATAGATTTGGATAGAAGGGTATTTTAAAAGCTGTATCATACCCTAAAGGATTAGTGCTACCGTGTAAATGTAAAAAGAATATATGTATAAATACAATACATAGTGCTACAAAAGGAAGTATAAAATGTAATACAAAAAATCTTTTAATTGTAGGATCACTAACTGTATATCCTCCACATAACCAAATAACTAATACTGGAATTGAAGATAATAAATTAGTTATAACTGTTGCACCCCAATAACTCATTTGTCCCCAAGGTAAAACGTAACCTATAAAAGCTGTTATTATTAATAATGCAAATATTACTAATCCTGATATCCATGATAAAGGTAGATATAAATATGAATAGTTTAATCCTCTTAAAATGTGTAAGTAAGTTAATAAAAATACAAGAGATGCACCTGTAGCATGCATATATCTAAAACACCATCCACTCCATAATTCTCTTAAAATATGTTGTATACTATAATATGCATAAGACATTTCTGGAGTATAACGACTAGCTAAGAATATACCTGTTAATATTTGTATAAAGAATATAATACCTAAAAGAAATCCGTAATTCCATAAGAAA
9,BC1447,cytB,sample,Plasmodium cynomolgi,HC00393139,A2,NA,consensus,NA,NA,NA,NA,NA,NA,NA,100.0,NA,NA,1017,AATAATCCACTAGAGAAGAATAATATTATAAATAAACGACCATATAAAATGAAAATATCTTGTGGTAATTGACATCCAATCCATAATAAAGCATAGAATGAACACATAAACCATATCATTGGTACTGAGTATTCTCTAGCACCAAATGTCATTTTAAATTGTATTATAGTAGTTAAACTTCTTTGTTCAGCTAATAAAAATAATAATTGTAAAGATGCTAAAACAATTAATAAACCTGCTGTTTTACTAGGTATTGTTTTTAACATTGCATAAAATGGTAAAAAGTACCATTCAGGAACAATTTGAATTGGTGTAACATATGTATTTACTAATATAGCATTATCTGGATGAGATAATGGAATTATACCAAAAATACTTTGTAATAAGAATAATATAAATATATTATTAAATCCTTTTACATCAAGACTTAATAGATTTGGATAGAAGGGTATTTTTAAAGCTGTATCATACCCTAAAGGATTTGTGCTACCATGTAAATGTAAAAAGAATATATGTATAAATACAATACATAATGCTACAAAAGGAAGTATAAAATGTAATACAAAAAATCTTTTAATTGTAGGATCACTTACTGTATATCCTCCACATAACCAAATAACTAATACTGGAATTGAAGATAATAAATTAGTTATAACAGTTGCACCCCAATAACTCATTTGTCCCCAAGGTAAAACATAACCTATAAAAGCTGTAACTATAAATAATGCAAATATGATTAATCCTGATATCCATGATAAAGGTAGATATAAATATGAATAATTTAGTCCTCTTAAAATATGTAAATAAGTTAATAAGAATACAAGAGATGCACCTGTAGCATGCATATATCTAAAACACCATCCACTCCATAATTCTCTTAAAATATGTTGTATACTATAATATGCATAAGATATTTCTGGAGTATAACGACTAGCTAAAAATACACCTGTTAATATTTGTATAAAGAATATTATACCTAAAAGAAATCCATAATTCCATAAGAAATTAATATTTAAT
10,BC1449,cytB,sample,Plasmodium vivax,HC00393139,B2,NA,consensus,NA,NA,NA,NA,NA,NA,NA,100.0,NA,NA,1009,TCCACTAGAGAAGAATGATATTATAAATAAACGACCATATAAAATAAAAATATCTTGTGGTAACTGACATCCAATCCATAATAAAGCATAGAATGAACACATAAACCATATCATTGGTACTGAATATTCTCTAGCACCAAATGTCATTTTAAATTGTATTATAGTAGTTAAACTTCTTTGTTCAGCTAATAAAAATAATAATTGTAAAGATGCTAAAACAATTAATAAACCTGCTGTTTTACTAGGTATTGTTTTTAACATTGCATAAAATGGTAAAAAGTACCATTCAGGAACAATTTGAATTGGTGTAACATATGTATTAACTAATATAGCATTATCTGGATGAGATAATGGAATTATACCAAAAATACTTTGTAATAAGAATAATATAAATATATTATTAAATCCTTTTACATCAAGACTTAATAGATTTGGATAGAAGGGTATTTTTAAAGCTGTATCATACCCTAAAGGATTTGTGCTACCATGTAAATGTAAAAAGAATATATGTATAAATACAATACATAATGCTACAAAAGGAAGTATAAAATGTAATACAAAAAATCTTTTAATTGTAGGATCACTTACAGTATATCCTCCACATAACCAAATTACTAATACTGGAATTGAAGATAATAAATTAGTTATAACAGTTGCACCCCAATAACTCATTTGTCCCCAAGGTAAAACGTAACCTATAAAAGCTGTAACTATAAATAATGCAAATATGATTAATCCTGATATCCATGATAATGGTAAATATAAATATGAATAATTTAATCCTCTTAAAATGTGTAAATAAGTTAATAAGAATACAAGAGATGCACCTGTAGCATGCATATATCTAAAACACCATCCACTCCATAATTCTCTTAAAATATGTTGTATACTATAATATGCATAAGATATTTCTGGAGTATAACGACTTGCTAAAAATACACCTGTTAATATTTGTATAAAGAATATAATACCTAAAAGAAATCCATAATTCCATAAGAAATTAATATTT
11,BC1456,cytB,sample,Plasmodium cynomolgi,HC00393139,C2,NA,consensus,NA,NA,NA,NA,NA,NA,NA,100.0,NA,NA,987,AATATTATAAATAAACGACCATATAAAATGAAAATATCTTGTGGTAATTGACATCCAATCCATAATAAAGCATAGAATGAACACATAAACCATATCATTGGTACAGAGTATTCTCTAGCACCAAATGTCATTTTAAATTGTATTATAGTAGTTAAACTTCTTTGTTCAGCTAATAAAAATAATAATTGTAAAGATGCTAAAACAATTAATAAACCTGCTGTTTTACTAGGTATTGTTTTTAACATTGCATAAAATGGTAAAAAGTACCATTCAGGAACAATTTGAATTGGTGTTACATATGTATTAACTAATATAGCATTATCTGGATGAGATAATGGAATTATACCAAAAATACTTTGTAATAAGAATAATATAAATATATTATTAAATCCTTTTACATCAAGACTTAATAGATTTGGATAGAAGGGTATTTTTAAAGCTGTATCATACCCTAAAGGATTTGTGCTACCATGTAAATGTAAAAAGAATATATGTATAAATACAATACATAATGCTACAAAAGGAAGTATAAAATGTAATACAAAAAATCTTTTAATTGTAGGATCACTTACTGTATATCCTCCACATAACCAAATTACTAATACTGGAATTGAAGATAATAAATTAGTTATAACAGTTGCACCCCAATAACTCATTTGTCCCCAAGGTAAAACATAACCTATAAAAGCTGTAATTATAAATAATGCAAATATGATTAATCCTGATATCCATGATAAAGGTAAATATAAATATGAATAATTTAATCCTCTTAAGATATGTAAATAAGTTAATAAGAATACAAGAGATGCACCTGTAGCATGCATATATCTAAAACACCATCCACTCCATAATTCTCTTAAAATATGTTGTATACTATAATATGCATAAGATATTTCTGGAGTATAACGACTAGCTAAAAATACACCTGTTAATATTTGTATAAAGAATATAATACCTAAAAGAAATCCATAATTCCATAAGAAATTA
12,BC1461,cytB,sample,Bad sequence,HC00393139,D2,NA,consensus,NA,NA,NA,NA,NA,NA,NA,NA,NA,NA,0,
13,BC1486,cytB,sample,Plasmodium inui,HC00393139,E2,NA,consensus,NA,NA,NA,NA,NA,NA,NA,99.9,NA,NA,1025,TGAACAAGTGCAAATAATCCACTAGAAAAGAATAATATTATAAATAAACGACCATATAAAATGAAAATATCTTGTGGTAATTGACATCCAATCCATAATAAAGCATAGAATGAACACATAAACCATATCATTGGTAGAGAATATTCTCTAGCACCAAATGTCATTTTAAACTGTATTATAGTAGTTAAATTTCTTTGTTCAGCAAATAAAAATAATAATTGTAAAGATGCTAAAACAATTAATAAACCTGCTGTTTTACTAGGTATTGTTTTTAATATTGCATAAAATGGTAAAAAGTACCATTCAGGAACAATTTGAATTGGTGTTACATATGTATTTACTAATATAGCATTATCTGGATGAGATAATGGAATTATACCAAAAATACTTTGTAATAAGAATAATATAAATATATTATTAAATCCTTTTACATCAAGACTTAATAGATTTGGATAGAAGGGTATTTTAAAAGCTGTATCATACCCTAAAGGATTAGTGCTACCGTGTAAATGTAAAAAGAATATATGTATAAATACAATACATAGTGCTACAAAAGGAAGTATAAAATGTAATACAAAAAATCTTTTAATTGTAGGATCACTAACTGTATATCCTCCACATAACCAAATAACTAATACTGGAATTGAAGATAATAAATTAGTTATAACTGTTGCACCCCAATAACTCATTTGTCCCCAAGGTAAAACGTAACCTATAAAAGCTGTTATTATTAATAATGCAAATATTACTAATCCTGATATCCATGATAAAGGTAGATATAAATATGAATAGTTTAATCCTCTTAAAATGTGTAAGTAAGTTAATAAAAATACAAGAGATGCACCTGTAGCATGCATATATCTAAAACACCATCCACTCCATAATTCTCTTAAAATATGTTGTATACTATAATATGCATAAGACATTTCTGGAGTATAACGACTAGCTAAGAATATACCTGTTAATATTTGTATAAAGAATATAATACCTAAAAGAAATCCGTAATTCCATAAGAAATTTATATT
14,BC1516,cytB,sample,Plasmodium vivax,HC00393139,F2,NA,consensus,NA,NA,NA,NA,NA,NA,NA,100.0,NA,NA,1017,GCAAATAATCCACTAGAGAAGAATGATATTATAAATAAACGACCATATAAAATAAAAATATCTTGTGGTAACTGACATCCAATCCATAATAAAGCATAGAATGAACACATAAACCATATCATTGGTACTGAATATTCTCTAGCACCAAATGTCATTTTAAATTGTATTATAGTAGTTAAACTTCTTTGTTCAGCTAATAAAAATAATAATTGTAAAGATGCTAAAACAATTAATAAACCTGCTGTTTTACTAGGTATTGTTTTTAACATTGCATAAAATGGTAAAAAGTACCATTCAGGAACAATTTGAATTGGTGTAACATATGTATTAACTAATATAGCATTATCTGGATGAGATAATGGAATTATACCAAAAATACTTTGTAATAAGAATAATATAAATATATTATTAAATCCTTTTACATCAAGACTTAATAGATTTGGATAGAAGGGTATTTTTAAAGCTGTATCATACCCTAAAGGATTTGTGCTACCATGTAAATGTAAAAAGAATATATGTATAAATACAATACATAATGCTACAAAAGGAAGTATAAAATGTAATACAAAAAATCTTTTAATTGTAGGATCACTTACAGTATATCCTCCACATAACCAAATTACTAATACTGGAATTGAAGATAATAAATTAGTTATAACAGTTGCACCCCAATAACTCATTTGTCCCCAAGGTAAAACGTAACCTATAAAAGCTGTAACTATAAATAATGCAAATATGATTAATCCTGATATCCATGATAATGGTAAATATAAATATGAATAATTTAATCCTCTTAAAATGTGTAAATAAGTTAATAAGAATACAAGAGATGCACCTGTAGCATGCATATATCTAAAACACCATCCACTCCATAATTCTCTTAAAATATGTTGTATACTATAATATGCATAAGATATTTCTGGAGTATAACGACTTGCTAAAAATACACCTGTTAATATTTGTATAAAGAATATAATACCTAAAAGAAATCCATAATTCCATAAGAAATTAATATTT
15,BC1523,cytB,sample,Plasmodium inui,HC00393139,G2,NA,consensus,NA,NA,NA,NA,NA,NA,NA,99.4,NA,NA,1030,AAATAATCCACTAGAGAAGAATATTATTATAAATAAACGACCATATAAAATGAAAATATCTTGTGGTAATTGACATCCAATCCATAATAAAGCATAGAATGAACACATAAACCATATCATTGGTACTGAATATTCTCTAGCACCAAATGTCATTTTAAATTGTATTATAGTAGTTAAATTTCTTTGTTCAGCAAATAAAAATAATAATTGTAAAGATGCTAAAACAATTAATAAACCTGCTGTTTTACTAGGTATTGTTTTTAATATTGCATAAAATGGTAAGAAGTACCATTCAGGAACAATTTGAATTGGTGTAACATATGTATTAACTAATATAGCATTATCTGGATGAGATAATGGAATTATACCAAAAATACTTTGTAATAAGAATAATATAAATATATTATTAAATCCTTTTACATCAAGACTTAATAGATTTGGATAGAAGGGTATTTTAAAAGCTGTATCATACCCTAAAGGATTTGTGCTACCGTGTAAATGTAAAAAGAATATATGTATAAATACAATACATAGTGCTATAAAAGGAAGTATAAAATGTAATATAAAAAATCTTTTAATTGTAGGATCACTAACTGTATATCCTCCACATAACCAAATAACTAATACTGGAATTGAAGATAATAAATTAGTTATAACTGTTGCACCCCAATAACTCATTTGTCCCCAAGGTAAAACATAACCTATAAAAGCTGTTACTATAAATAATGCAAATATTACTAATCCTGATATCCATGATAAAGGTAGATATAAATATGAGTAATTTAATCCTCTTAAAATGTGTAAGTAAGTTAATAAAAATACAAGAGATGCACCTGTAGCATGCATATATCTAAAACACCATCCACTCCATAATTCTCTTAAAATATGTTGTATACTATAATATGCATAAGATATTTCTGGAGTATAACGACTAGCTAAGAATACACCTGTTAATATTTGTATAAAGAATATAATACCTAAAAGAAATCCATAATTCCATAAGAAATTAATATTTAATGGGCATGGATAA
16,BC1525,cytB,sample,Plasmodium inui,HC00393139,H2,NA,consensus,NA,NA,NA,NA,NA,NA,NA,99.9,NA,NA,1018,AAGTGCAAATAATCCACTAGAGAAGAATATTATTATAAATAAACGACCATATAAAATGAAAATATCTTGTGGTAATTGACATCCAATCCATAATAAAGCATAGAATGAACACATAAACCATATCATTGATACTGAATATTCTCTAGCACCAAATGTCATTTTAAATTGTATTATAGTAGTTAAATTTCTTTGTTCAGCTAATAAAAATAATAATTGTAAAGATGCTAAAACAATTAATAAACCTGCTGTTTTACTAGGTATTGTTTTTAACATTGCATAGAATGGTAAAAAGTACCATTCAGGAACAATTTGAATTGGTGTAACATATGTATTAACTAATATAGCATTATCTGGATGAGATAATGGAATTATACCAAAAATACTTTGTAATAAGAATAATATAAATATATTATTAAATCCTTTTACATCAAGACTTAATAGATTTGGATAGAAGGGTATTTTTAAAGCTGTATCATACCCTAAAGGATTTGTGCTACCGTGTAAATGTAAAAAGAATATATGTATAAATACAATACATAGTGTTATAAAAGGAAGTATAAAATGTAATACAAAAAATCTTTTAATTGTAGGATCACTAACTGTATATCCTCCACATAACCAAATAACTAGTACTGGAATTGAAGATAATAAATTAGTTATAACTGTTGCACCCCAATAACTCATTTGTCCCCAAGGTAAAACATAACCTATAAAGGCTGTCACTATAAATAATGCAAATATTACTAATCCTGATATCCATGATAAAGGTAGATATAAATATGAATAGTTTAATCCTCTTAAAATGTGTAAGTAAGTTAATAAAAATACAAGAGATGCACCTGTAGCATGCATATATCTGAAACACCATCCACTCCATAATTCTCTTAAAATATGTTGTATACTATAATATGCGTAAGATATTTCGGGAGTATAACGACTAGCTAAGAATACACCTGTTAATATTTGTATAAAGAATATAATACCTAAAAGAAATCCGTAATTCCATAAGAAATTAATA
17,BC1526,cytB,sample,Plasmodium inui,HC00393139,A3,NA,consensus,NA,NA,NA,NA,NA,NA,NA,99.9,NA,NA,1004,TTAATTTCTTATGGAATTACGGATTTCTTTTAGGTATTATATTCTTTATACAAATATTAACAGGTGTATTCTTAGCTAGTCGTTATACTCCCGAAATATCTTACGCATATTATAGTATACAACATATTTTAAGAGAATTATGGAGTGGATGGTGTTTCAGATATATGCATGCTACAGGTGCATCTCTTGTATTTTTATTAACTTACTTACACATTTTAAGAGGATTAAACTATTCATATTTATATCTACCTTTATCATGGATATCAGGATTAGTAATATTTGCATTATTTATAGTGACAGCCTTTATAGGTTATGTTTTACCTTGGGGACAAATGAGTTATTGGGGTGCAACAGTTATAACTAATTTATTATCTTCAATTCCAGTACTAGTTATTTGGTTATGTGGAGGATATACAGTTAGTGATCCTACAATTAAAAGATTTTTTGTATTACATTTTATACTTCCTTTTATAACACTATGTATTGTATTTATACATATATTCTTTTTACATTTACACGGTAGCACAAATCCTTTAGGGTATGATACAGCTTTAAAAATACCCTTCTATCCAAATCTATTAAGTCTTGATGTAAAAGGATTTAATAATATATTTATATTATTCTTATTACAAAGTATTTTTGGTATAATTCCATTATCTCATCCAGATAATGCTATATTAGTTAATACATATGTTACACCAATTCAAATTGTTCCTGAATGGTACTTTTTACCATTCTATGCAATGTTAAAAACAATACCTAGTAAAACAGCAGGTTTATTAATTGTTTTAGCATCTTTACAATTATTATTTTTATTAGCTGAACAAAGAAATTTAACTACTATAATACAATTTAAAATGACATTTGGTGCTAGAGAATATTCAGTATCAATGATATGGTTTATGTGTTCATTCTATGCTTTATTATGGATTGGATGTCAATTACCACAAGATATTTTCATTTTATATGGTCGTTTATTTATAATAATATTCTTCTCTAGTGGA
18,BC1529,cytB,sample,Plasmodium fieldi,HC00393139,B3,NA,consensus,NA,NA,NA,NA,NA,NA,NA,99.9,NA,NA,1007,AATATTAATTTCTTATGGAATTATGGATTTCTTTTAGGTATTATATTTTTTATACAAATATTAACAGGTGTATTTTTAGCTAGTCGTTATACTCCAGAAATATCTTATGCATATTATAGTATACAACATATTTTAAGAGAATTATGGAGTGGATGGTGTTTTAGATATATGCATGCTACAGGTGCATCTCTTGTATTCTTATTAACTTATTTACACATTTTAAGAGGATTAAATTATTCATATTTATATCTACCTTTATCATGGATATCAGGATTAATAATATTTGCATTATTTATAGTTACAGCTTTTATAGGTTATGTTTTACCTTGGGGACAAATGAGTTATTGGGGTGCAACTGTTATAACTAATTTATTATCTTCAATTCCAGTATTAGTTATTTGGTTATGTGGAGGATATACAGTAAGTGATCCTACAATTAAAAGATTTTTTGTATTACATTTTATACTTCCTTTTGTAGCATTATGTATTGTATTTATACATATATTCTTTTTACATTTACATGGTAGCACAAATCCTTTAGGGTATGATACAGCTTTAAAAATACCCTTCTATCCAAATCTATTAAGTCTTGATGTAAAAGGATTTAATAATATATTTATATTATTCTTATTACAAAGTATTTTTGGTATAATTCCATTATCTCATCCAGATAATGCTATATTAGTCAATACATATGTTACACCAATTCAAATTGTTCCTGAATGGTACTTTTTACCATTTTATGCAATGTTAAAAACAATACCTAGTAAAACTGCAGGTTTATTAATTGTTTTAGCATCTTTACAATTATTATTTCTATTAGCTGAACAAAGAAGTTTAACTACTATAATACAATTTAAAATGACATTTGGTGCTAGAGAATATTCTGTACCAATGATATGGTTTATGTGTTCATTCTATGCTTTATTATGGATTGGATGTCAATTACCACAAGATATTTTCATTTTATATGGTCGTTTATTTATAATATCATTTTCTCTAGTGGA
19,BC1533,cytB,sample,Plasmodium cynomolgi,HC00393139,C3,NA,consensus,NA,NA,NA,NA,NA,NA,NA,100.0,NA,NA,1001,ATCCACTAGAGAAGAATAATATTATAAATAAACGACCATATAAAATGAAAATATCTTGTGGTAATTGACATCCAATCCATAATAAAGCATAGAATGAACACATAAACCATATCATTGGTACTGAGTATTCTCTAGCACCAAATGTCATTTTAAATTGTATTATAGTAGTTAAACTTCTTTGTTCAGCTAATAAAAATAATAATTGTAAAGATGCTAAAACAATTAATAAACCTGCTGTTTTACTAGGTATTGTTTTTAACATTGCATAAAATGGTAAAAAGTACCATTCAGGAACAATTTGAATTGGTGTAACATATGTATTTACTAATATAGCATTATCTGGATGAGATAATGGAATTATACCAAAAATACTTTGTAATAAGAATAATATAAATATATTATTAAATCCTTTTACATCAAGACTTAATAGATTTGGATAGAAGGGTATTTTTAAAGCTGTATCATACCCTAAAGGATTTGTGCTACCATGTAAATGTAAAAAGAATATATGTATAAATACAATACATAATGCTACAAAAGGAAGTATAAAATGTAATACAAAAAATCTTTTAATTGTAGGATCACTTACTGTATATCCTCCACATAACCAAATAACTAATACTGGAATTGAAGATAATAAATTAGTTATAACAGTTGCACCCCAATAACTCATTTGTCCCCAAGGTAAAACATAACCTATAAAAGCTGTAACTATAAATAATGCAAATATGATTAATCCTGATATCCATGATAAAGGTAGATATAAATATGAATAATTTAGTCCTCTTAAAATATGTAAATAAGTTAATAAGAATACAAGAGATGCACCTGTAGCATGCATATATCTAAAACACCATCCACTCCATAATTCTCTTAAAATATGTTGTATACTATAATATGCATAAGATATTTCTGGAGTATAACGACTAGCTAAAAATACACCTGTTAATATTTGTATAAAGAATATTATACCTAAAAGAAATCCATAATTCCATAAGAAA
20,BC1629,cytB,sample,Plasmodium coatneyi,HC00393139,D3,NA,consensus,NA,NA,NA,NA,NA,NA,NA,99.9,NA,NA,982,TATTATAAATAAACGACCATATAAAATGAAAATATCTTGTGGTAATTGACATCCAATCCATAATAAAGCATAGAATGAACACATAAACCATATCATTGGTACTGAATATTCTCTAGCACCAAATGTCATTTTAAATTGTATTATAGTAGTTAAACTTCTTTGTTCAGCTAATAAAAATAATAATTGTAAAGATGTTAAAACAATTAATAATCCTGCTGTTTTACTAGGTATTGTTTTTAACATTGCATAAAATGGTAAAAAGTACCATTCAGGAACTATTTGAATTGGTGTAACATATGTATTGACTAATATAGCATTATCTGGATGAGATAATGGAATTATACCAAAAATACTTTGCAATAAGAATAATATAAATATATTATTAAATCCTTTAACATCAAGACTTAATAGATTTGGATAAAAGGGTATTTTTAATGCTGTATCATACCCTAAAGGATTTGTGCTACCATGTAAATGTAAAAAGAATATATGTATAAATACAATACATAATGCTACAAAAGGAAGTATAAAATGTAATACAAAAAATCTTTTTATTGTTGGATCACTTACTGTATATCCTCCACATAACCAAATAACTAGTACTGGAATTGAAGATAATAAATTTGTTATAACAGTTGCACCCCAATAACTCATTTGTCCCCAAGGTAAAACATAACCTATAAAAGCTGTAACTATAAATAATGCAAATATAATTAATCCTGATATCCATGATAAAGGTAAATATAAATATGAATAATTTAATCCTCTTAAAATATGTAAATAAGTTAATAAGAACACAAGAGATGCACCTGTAGCATGCATATATCTAAAACACCATCCACTCCATAACTCTCTTAAAATATGTTGTATACTATAATATGCATAAGAAATTTCTGGAGTATAACGACTAGCTAAAAATACACCTGTTAATATTTGTATAAAGAATATAATACCTAGAAGAAATCCGTAATTCCATAAGAAA
21,BC1630,cytB,sample,Plasmodium coatneyi,HC00393139,E3,NA,consensus,NA,NA,NA,NA,NA,NA,NA,99.7,NA,NA,901,AATATTATAAATAAACGACCATATAAAATGAAAATATCTTGTGGTAATTCGACATCCAATCCATAATAAAGCATAGAATGAACACATAAACCATATCATTCGGTACTGAATATTCTCTAGCACCAAATGTCATTTTAAATTGTATTATAGTAGTTAAACTTCTTTGTTCAGCTAATAAAAATAATAATTGTAAAGATGTTAAAACAATTAATAATCCTGCTGTTTTACTAGGTATTGTTTTTAACATTGCATAAAATGGTAAAAAGTACCATTCAGGAACTATTTGAATTGGTGTAACATATGTATTGACTAATATAGCATTATCTGGATGAGATAATGGAATTATACCAAAAATACTTTGCAATAAGAATAATATAAATATATTATTAAATCCTTTAACATCAAGACTTAATAGATTTGGATAAAAGGGTATTTTTAATGCTGTATCATACCCTAAAGGATTTGTGCTACCATGTAAATGTAAAAAGAATATATGTATAAATACAATACATAATGCTACAAAAGGAAGTATAAAATGTAATACAAAAAATCTTTTTATTGTTGGATCACTTACTGTATATCCTCCACATAACCAAATAACTAGTACTGGAATTGAAGATAATAAATTTGTTATAACAGTTGCACCCCAATAACTCATTTGTCCCCAAGGTAAAACATAACCTATAAAAGCTGTAACTATAAATAATGCAAATATAATTAATCCTGATATCCATGATAAAGGTAAATATAAATATGAATAATTTAATCCTCTTAAAATATGTAAATAAGTTAATAAGAACACAAGAGATGCACCTGTAGCATGCATATATCTAAAACACCATCCACTCCATAACTCTCTTAAAATATGTTGTATACTATAATATGCATAAGAAATTTCTGG
22,BC1633,cytB,sample,Plasmodium inui,HC00393139,F3,NA,consensus,NA,NA,NA,NA,NA,NA,NA,99.4,NA,NA,998,AAATAATCCACTAGAGAAGAATATTATTATAAATAAACGACCATATAAAATGAAAATATCTTGTGGTAATTGACATCCAATCCATAATAAAGCATAGAATGAACACATAAACCATATCATTGGTACTGAATATTCTCTAGCACCAAATGTCATTTTAAATTGTATTATAGTAGTTAAATTTCTTTGTTCAGCAAATAAAAATAATAATTGTAAAGATGCTAAAACAATTAATAAACCTGCTGTTTTACTAGGTATTGTTTTTAATATTGCATAAAATGGTAAGAAGTACCATTCAGGAACAATTTGAATTGGTGTAACATATGTATTAACTAATATAGCATTATCTGGATGAGATAATGGAATTATACCAAAAATACTTTGTAATAAGAATAATATAAATATATTATTAAATCCTTTTACATCAAGACTTAATAGATTTGGATAGAAGGGTATTTTAAAAGCTGTATCATACCCTAAAGGATTTGTGCTACCGTGTAAATGTAAAAAGAATATATGTATAAATACAATACATAGTGCTATAAAAGGAAGTATAAAATGTAATATAAAAAATCTTTTAATTGTAGGATCACTAACTGTATATCCTCCACATAACCAAATAACTAATACTGGAATTGAAGATAATAAATTAGTTATAACTGTTGCACCCCAATAACTCATTTGTCCCCAAGGTAAAACATAACCTATAAAAGCTGTTACTATAAATAATGCAAATATTACTAATCCTGATATCCATGATAAAGGTAGATATAAATATGAGTAATTTAATCCTCTTAAAATGTGTAAGTAAGTTAATAAAAATACAAGAGATGCACCTGTAGCATGCATATATCTAAAACACCATCCACTCCATAATTCTCTTAAAATATGTTGTATACTATAATATGCATAAGATATTTCTGGAGTATAACGACTAGCTAAGAATACACCTGTTAATATTTGTATAAAGAATATAATACCTAAAAGAAATCCATAATTCC
23,BC1636,cytB,sample,Plasmodium coatneyi,HC00393139,G3,NA,consensus,NA,NA,NA,NA,NA,NA,NA,99.9,NA,NA,1003,AAATTTCTTATGGAATTACGGATTTCTTCTAGGTATTATATTCTTTATACAAATATTAACAGGTGTATTTTTAGCTAGTCGTTATACTCCAGAAATTTCTTATGCATATTATAGTATACAACATATTTTAAGAGAGTTATGGAGTGGATGGTGTTTTAGATATATGCATGCTACAGGTGCATCTCTTGTGTTCTTATTAACTTATTTACATATTTTAAGAGGATTAAATTATTCATATTTATATTTACCTTTATCATGGATATCAGGATTAATTATATTTGCATTATTTATAGTTACAGCTTTTATAGGTTATGTTTTACCTTGGGGACAAATGAGTTATTGGGGTGCAACTGTTATAACAAATTTATTATCTTCAATTCCAGTACTAGTTATTTGGTTATGTGGAGGATATACAGTAAGTGATCCAACAATAAAAAGATTTTTTGTATTACATTTTATACTTCCTTTTGTAGCATTATGTATTGTATTTATACATATATTCTTTTTACATTTACATGGTAGCACAAATCCTTTAGGGTATGATACAGCATTAAAAATACCCTTTTATCCAAATCTATTAAGTCTTGATGTTAAAGGATTTAATAATATATTTATATTATTCTTATTGCAAAGTATTTTTGGTATAATTCCATTATCTCATCCAGATAATGCTATATTAGTCAATACATATGTTACACCAATTCAAATAGTTCCTGAATGGTACTTTTTACCATTTTATGCAATGTTAAAAACAATACCTAGTAAAACAGCAGGATTATTAATTGTTTTAACATCTTTACAATTATTATTTTTATTAGCTGAACAAAGAAGTTTAACTACTATAATACAATTTAAAATGACATTTGGTGCTAGAGAATATTCAGTACCAATGATATGGTTTATGTGTTCATTCTATGCTTTATTATGGATTGGATGTCAATTACCACAAGATATTTTCATTTTATATGGTCGTTTATTTATAATATTATTCTTCTCTAGTGGA
24,BC1643,cytB,sample,Plasmodium inui,HC00393139,H3,NA,consensus,NA,NA,NA,NA,NA,NA,NA,99.9,NA,NA,991,TAATCCACTAGAAAAGAATAATATTATAAATAAACGACCATATAAAATGAAAATATCTTGTGGTAATTGACATCCAATCCATAATAAAGCATAGAATGAACACATAAACCATATCATTGGTAGAGAATATTCTCTAGCACCAAATGTCATTTTAAACTGTATTATAGTAGTTAAATTTCTTTGTTCAGCAAATAAAAATAATAATTGTAAAGATGCTAAAACAATTAATAAACCTGCTGTTTTACTAGGTATTGTTTTTAATATTGCATAAAATGGTAAAAAGTACCATTCAGGAACAATTTGAATTGGTGTTACATATGTATTTACTAATATAGCATTATCTGGATGAGATAATGGAATTATACCAAAAATACTTTGTAATAAGAATAATATAAATATATTATTAAATCCTTTTACATCAAGACTTAATAGATTTGGATAGAAGGGTATTTTAAAAGCTGTATCATACCCTAAAGGATTAGTGCTACCGTGTAAATGTAAAAAGAATATATGTATAAATACAATACATAGTGCTACAAAAGGAAGTATAAAATGTAATACAAAAAATCTTTTAATTGTAGGATCACTAACTGTATATCCTCCACATAACCAAATAACTAATACTGGAATTGAAGATAATAAATTAGTTATAACTGTTGCACCCCAATAACTCATTTGTCCCCAAGGTAAAACGTAACCTATAAAAGCTGTTATTATTAATAATGCAAATATTACTAATCCTGATATCCATGATAAAGGTAGATATAAATATGAATAGTTTAATCCTCTTAAAATGTGTAAGTAAGTTAATAAAAATACAAGAGATGCACCTGTAGCATGCATATATCTAAAACACCATCCACTCCATAATTCTCTTAAAATATGTTGTATACTATAATATGCATAAGACATTTCTGGAGTATAACGACTAGCTAAGAATATACCTGTTAATATTTGTATAAAGAATATAATACCTAAAAGAAATCCGTAA
25,BC1726,cytB,sample,Plasmodium cynomolgi,HC00393139,A4,NA,consensus,NA,NA,NA,NA,NA,NA,NA,99.8,NA,NA,999,ATCCACTAGAGAAGAATAATATTATAAATAAACGACCATATAATGAAAATATCTTGTGGTAATTGACATCCAATCCATAATAAAGCATAGAATGAACACATAAACCATATCATTGGTACTGAGTATTCTCTAGCACCAAATGTCATTTTAAATTGTATTATAGTAGTTAAACTTCTTTGTTCAGCTAATAAAAATAATAATTGTAAAGATGCTAAAACAATTAATAAACCTGCTGTTTTACTAGGTATTGTTTTTAACATTGCATAAAATGGTAAAAAGTACCATTCAGGAACAATTTGAATTGGTGTAACATATGTATTTACTAATATAGCATTATCTGGATGAGATAATGGAATTATACCAAAAATACTTTGTAATAAGAATAATATAAATATATTATTAAATCCTTTTACATCAAGACTTAATAGATTTGGATAGAAGGGTATTTTTAAAGCTGTATCATACCCTAAAGGATTTGTGCTACCATGTAAATGTAAAAAGAATATATGTATAAATACAATACATAATGCTACAAAAGGAAGTATAAAATGTAATACAAAAAATCTTTTAATTGTAGGATCACTTACTGTATATCCTCCACATAACCAAATAACTAATACTGGAATTGAAGATAATAAATTAGTTATAACAGTTGCACCCCAATAACTCATTTGTCCCCAAGGTAAAACATAACCTATAAAAGCTGTAACTATAAATAATGCAAATATGATTAATCCTGATATCCATGATAAAGGTAGATATAAATATGAATAATTTAGTCCTCTTAAAATATGTAAATAAGTTAATAAGAATACAAGAGATGCACCTGTAGCATGCATATATCTAAAACACCATCCACTCCATAATTCTCTTAAAATATGTTGTATACTATAATATGCATAAGATATTTCTGGAGTATAACGACTAGCTAAAAATACACCTGTTAATATTTGTATAAAGAATATTATACCTAAAAGAAATCCATAATTCCATAAGAAA
26,BC1731,cytB,sample,Plasmodium inui,HC00393139,B4,NA,consensus,NA,NA,NA,NA,NA,NA,NA,99.9,NA,NA,994,AAATTTCTTATGGAATTACGGATTTCTTTTAGGTATTATATTCTTTATACAAATATTAACAGGTATATTCTTAGCTAGTCGTTATACTCCAGAAATGTCTTATGCATATTATAGTATACAACATATTTTAAGAGAATTATGGAGTGGATGGTGTTTTAGATATATGCATGCTACAGGTGCATCTCTTGTATTTTTATTAACTTACTTACACATTTTAAGAGGATTAAACTATTCATATTTATATCTACCTTTATCATGGATATCAGGATTAGTAATATTTGCATTATTAATAATAACAGCTTTTATAGGTTACGTTTTACCTTGGGGACAAATGAGTTATTGGGGTGCAACAGTTATAACTAATTTATTATCTTCAATTCCAGTATTAGTTATTTGGTTATGTGGAGGATATACAGTTAGTGATCCTACAATTAAAAGATTTTTTGTATTACATTTTATACTTCCTTTTGTAGCACTATGTATTGTATTTATACATATATTCTTTTTACATTTACACGGTAGCACTAATCCTTTAGGGTATGATACAGCTTTTAAAATACCCTTCTATCCAAATCTATTAAGTCTTGATGTAAAAGGATTTAATAATATATTTATATTATTCTTATTACAAAGTATTTTTGGTATAATTCCATTATCTCATCCAGATAATGCTATATTAGTAAATACATATGTAACACCAATTCAAATTGTTCCTGAATGGTACTTTTTACCATTTTATGCAATATTAAAAACAATACCTAGTAAAACAGCAGGTTTATTAATTGTTTTAGCATCTTTACAATTATTATTTTTATTTGCTGAACAAAGAAATTTAACTACTATAATACAGTTTAAAATGACATTTGGTGCTAGAGAATATTCTCTACCAATGATATGGTTTATGTGTTCATTCTATGCTTTATTATGGATTGGATGTCAATTACCACAAGATATTTTCATTTTATATGGTCGTTTATTTATAATATTATTCTTT
27,BC1744,cytB,sample,Plasmodium cynomolgi,HC00393139,C4,NA,consensus,NA,NA,NA,NA,NA,NA,NA,99.9,NA,NA,970,TTAATTTCTTATGGAATTATGGATTTCTTTTAGGTATTATATTCTTTATACAAATATTAACAGGTGTATTTTTAGCTAGTCGTTATACTCCAGAAATATCTTATGCATATTATAGTATACAACATATTTTAAGAGAATTATGGAGTGGATGGTGTTTTAGATATATGCATGCTACAGGTGCATCTCTTGTATTCTTATTAACTTATTTACATATCTTAAGAGGATTAAATTATTCATATTTATATTTACCTTTATCATGGATATCAGGATTAATCATATTTGCATTATTTATAATTACAGCTTTTATAGGTTATGTTTTACCTTGGGGACAAATGAGTTATTGGGGTGCAACTGTTATAACTAATTTATTATCTTCAATTCCAGTATTAGTAATTTGGTTATGTGGAGGATATACAGTAAGTGATCCTACAATTAAAAGATTTTTTGTATTACATTTTATACTTCCTTTTGTAGCATTATGTATTGTATTTATACATATATTCTTTTTACATTTACATGGTAGCACAAATCCTTTAGGGTATGATACAGCTTTTAAAATACCCTTCTATCCAAATCTATTAAGTCTTGATGTAAAAGGATTTAATAATATATTTATATTATTCTTATTACAAAGTATTTTTGGTATAATTCCATTATCTCATCCAGATAATGCTATATTAGTTAATACATATGTAACACCAATTCAAATTGTTCCTGAATGGTACTTTTTACCATTTTATGCAATGTTAAAAACAATACCTAGTAAAACAGCAGGTTTATTAATTGTTTTAGCATCTTTACAATTATTATTTTTATTAGCTGAACAAAGAAGTTTAACTACTATAATACAATTTAAAATGACATTTGGTGCTAGAGAATACTCTGTACCAATGATATGGTTTATGTGTTCATTCTATGCTTTATTATGGATTGGATGTCAATTACCACAAGATATTTTCATTTTATATGG
28,BC1803,cytB,sample,Plasmodium inui,HC00393139,D4,NA,consensus,NA,NA,NA,NA,NA,NA,NA,99.9,NA,NA,991,TTTCTTATGGAATTACGGATTTCTTTTAGGTATTATATTCTTTATACAAATATTAACAGGTATATTCTTAGCTAGTCGTTATACTCCAGAAATGTCTTATGCATATTATAGTATACAACATATTTTAAGAGAATTATGGAGTGGATGGTGTTTTAGATATATGCATGCTACAGGTGCATCTCTTGTATTTTTATTAACTTACTTACACATTTTAAGAGGATTAAACTATTCATATTTATATCTACCTTTATCATGGATATCAGGATTAGTAATATTTGCATTATTAATAATAACAGCTTTTATAGGTTACGTTTTACCTTGGGGACAAATGAGTTATTGGGGTGCAACAGTTATAACTAATTTATTATCTTCAATTCCAGTATTAGTTATTTGGTTATGTGGAGGATATACAGTTAGTGATCCTACAATTAAAAGATTTTTTGTATTACATTTTATACTTCCTTTTGTAGCACTATGTATTGTATTTATACATATATTCTTTTTACATTTACACGGTAGCACTAATCCTTTAGGGTATGATACAGCTTTTAAAATACCCTTCTATCCAAATCTATTAAGTCTTGATGTAAAAGGATTTAATAATATATTTATATTATTCTTATTACAAAGTATTTTTGGTATAATTCCATTATCTCATCCAGATAATGCTATATTAGTAAATACATATGTAACACCAATTCAAATTGTTCCTGAATGGTACTTTTTACCATTTTATGCAATATTAAAAACAATACCTAGTAAAACAGCAGGTTTATTAATTGTTTTAGCATCTTTACAATTATTATTTTTATTTGCTGAACAAAGAAATTTAACTACTATAATACAGTTTAAAATGACATTTGGTGCTAGAGAATATTCTCTACCAATGATATGGTTTATGTGTTCATTCTATGCTTTATTATGGATTGGATGTCAATTACCACAAGATATTTTCATTTTATATGGTCGTTTATTTATAATATTATTCTTT
29,BC1813,cytB,sample,Plasmodium hylobati,HC00393139,E4,NA,consensus,NA,NA,NA,NA,NA,NA,NA,98.5,NA,NA,999,TAGAGAAGAATAATATTATAAATAAACGACCATATAAAATGAAAATATCTTGTGGTAATTGACATCCAATCCATAATAGAGCATAGAATGAACACATAAACCATATCATTGGTACTGAATATTCTCTAGCACCAAATGTCATTTTAAATTGTATTATAGTAGTTAAATTTCTTTGTTCAGCTAATAAAAATAATAATTGTAAAGATGCTAAAACAATTAATAAACCTGCTGTTTTACTAGGTATTGTTTTTAACATTGCGTAAAATGGTAAAAAGTACCATTCAGGAACAATTTGAATTGGTGTAACATATGTATTAACTAGTATAGCATTATCTGGATGAGATAATGGAATTATACCAAAAATACTTTGTAGTAAGAATAATATAAATATATTGTTAAATCCTTTTACATCAAGACTTAATAGATTTGGATAGAAGGGTATTTTTAAAGCTGTATCATACCCTAAAGGATTTGTGCTACCATGTAAATGTAAGAAGAATATATGTATAAATACAATACATAATGCTACAAAAGGAAGTATAAAATGTAGTACAAAAAATCTTTTGATAGTAGGATCACTTACTGTATATCCTCCACATAACCAGATAACTAATACTGGAATTGAAGATAATAAATTAGTTATAACTGTTGCACCCCAATAACTCATTTGTCCCCAAGGTAAAACATAACCTATAAAAGCTGTAACTATAAATAATGCAAATATTACTAACCCTGATATCCATGATAAAGGTAGGTATAAATATGAATAATTTAATCCTCTTAAAATATGTAAGTAAGTTAATAAGAATACAAGAGATGCACCTGTAGCATGCATATATCTAAAACACCATCCACTCCATAATTCTCTTAAAATATGTTGTATACTATAATATGCATAAGATACTTCTGGAGTATAACGACTAGCTAAGAATACACCTGTTAATATTTGTATAAAGAATATAATACCTAAAAGAAATCCATAATTCCATAAGAAATTAA
30,BC1884,cytB,sample,Plasmodium inui,HC00393139,F4,NA,consensus,NA,NA,NA,NA,NA,NA,NA,99.4,NA,NA,984,TTTCTTATGGAATTATGGATTTCTTTTAGGTATTATATTCTTTATACAAATATTAACAGGTGTATTCTTAGCTAGTCGTTATACTCCAGAAATATCTTATGCATATTATAGTATACAACATATTTTAAGAGAATTATGGAGTGGATGGTGTTTTAGATATATGCATGCTACAGGTGCATCTCTTGTATTTTTATTAACTTACTTACACATTTTAAGAGGATTAAATTACTCATATTTATATCTACCTTTATCATGGATATCAGGATTAGTAATATTTGCATTATTTATAGTAACAGCTTTTATAGGTTATGTTTTACCTTGGGGACAAATGAGTTATTGGGGTGCAACAGTTATAACTAATTTATTATCTTCAATTCCAGTATTAGTTATTTGGTTATGTGGAGGATATACAGTTAGTGATCCTACAATTAAAAGATTTTTTATATTACATTTTATACTTCCTTTTATAGCACTATGTATTGTATTTATACATATATTCTTTTTACATTTACACGGTAGCACAAATCCTTTAGGGTATGATACAGCTTTTAAAATACCCTTCTATCCAAATCTATTAAGTCTTGATGTAAAAGGATTTAATAATATATTTATATTATTCTTATTACAAAGTATTTTTGGTATAATTCCATTATCTCATCCAGATAATGCTATATTAGTTAATACATATGTTACACCAATTCAAATTGTTCCTGAATGGTACTTCTTACCATTTTATGCAATATTAAAAACAATACCTAGTAAAACAGCAGGTTTATTAATTGTTTTAGCATCTTTACAATTATTATTTTTATTTGCTGAACAAAGAAATTTAACTACTATAATACAATTTAAAATGACATTTGGTGCTAGAGAATATTCAGTACCAATGATATGGTTTATGTGTTCATTCTATGCTTTATTATGGATTGGATGTCAATTACCACAAGATATTTTCATTTTATATGGTCGTTTATTTATAATAAT
31,BC1910,cytB,sample,Plasmodium fieldi,HC00393139,G4,NA,consensus,NA,NA,NA,NA,NA,NA,NA,100.0,NA,NA,984,TTTCTTATGGAATTATGGATTTCTTTTAGGTATTATATTTTTTATACAAATATTAACAGGTGTATTTTTAGCTAGTCGTTATACTCCAGAAATATCTTATGCATATTATAGTATACAACATATTTTAAGAGAATTATGGAGTGGATGGTGTTTTAGATATATGCATGCTACAGGTGCATCTCTTGTATTCTTATTAACTTATTTACACATTTTAAGAGGATTAAATTATTCATATTTATATCTACCTTTATCATGGATATCAGGATTAATAATATTTGCATTATTTATAGTTACAGCTTTTATAGGTTATGTTTTACCTTGGGGACAAATGAGTTATTGGGGTGCAACTGTTATAACTAATTTATTATCTTCAATTCCAGTATTAGTTATTTGGTTATGTGGAGGATATACAGTAAGTGATCCTACAATTAAAAGATTTTTTGTATTACATTTTATACTTCCTTTTGTAGCATTATGTATTGTATTTATACATATATTCTTTTTACATTTACATGGTAGCACAAATCCTTTAGGGTATGATACAGCTTTAAAAATACCCTTCTATCCAAATCTATTAAGTCTTGATGTAAAAGGATTTAATAATATATTTATATTATTCTTATTACAAAGTATTTTTGGTATAATTCCATTATCTCATCCAGATAATGCTATATTAGTCAATACATATGTTACACCAATTCAAATTGTTCCTGAATGGTACTTTTTACCATTTTATGCAATGTTAAAAACAATACCTAGTAAAACTGCAGGTTTATTAATTGTTTTAGCATCTTTACAATTATTATTTCTATTAGCTGAACAAAGAAGTTTAACTACTATAATACAATTTAAAATGACATTTGGTGCTAGAGAATATTCTGTACCAATGATATGGTTTATGTGTTCATTCTATGCTTTATTATGGATTGGATGTCAATTACCACAAGATATTTTCATTTTATATGGTCGTTTATTTATAATATC
32,BC1928,cytB,sample,Plasmodium inui,HC00393139,H4,NA,consensus,NA,NA,NA,NA,NA,NA,NA,99.9,NA,NA,980,TTTCTTATGGAATTACGGATTTCTTTTAGGTATTATATTCTTTATACAAATATTAACAGGTATATTCTTAGCTAGTCGTTATACTCCAGAAATGTCTTATGCATATTATAGTATACAACATATTTTAAGAGAATTATGGAGTGGATGGTGTTTTAGATATATGCATGCTACAGGTGCATCTCTTGTATTTTTATTAACTTACTTACACATTTTAAGAGGATTAAACTATTCATATTTATATCTACCTTTATCATGGATATCAGGATTAGTAATATTTGCATTATTAATAATAACAGCTTTTATAGGTTACGTTTTACCTTGGGGACAAATGAGTTATTGGGGTGCAACAGTTATAACTAATTTATTATCTTCAATTCCAGTATTAGTTATTTGGTTATGTGGAGGATATACAGTTAGTGATCCTACAATTAAAAGATTTTTTGTATTACATTTTATACTTCCTTTTGTAGCACTATGTATTGTATTTATACATATATTCTTTTTACATTTACACGGTAGCACTAATCCTTTAGGGTATGATACAGCTTTTAAAATACCCTTCTATCCAAATCTATTAAGTCTTGATGTAAAAGGATTTAATAATATATTTATATTATTCTTATTACAAAGTATTTTTGGTATAATTCCATTATCTCATCCAGATAATGCTATATTAGTAAATACATATGTAACACCAATTCAAATTGTTCCTGAATGGTACTTTTTACCATTTTATGCAATATTAAAAACAATACCTAGTAAAACAGCAGGTTTATTAATTGTTTTAGCATCTTTACAATTATTATTTTTATTTGCTGAACAAAGAAATTTAACTACTATAATACAGTTTAAAATGACATTTGGTGCTAGAGAATATTCTCTACCAATGATATGGTTTATGTGTTCATTCTATGCTTTATTATGGATTGGATGTCAATTACCACAAGATATTTTCATTTTATATGGTCGTTTATTTATAA
33,BC1954,cytB,sample,Plasmodium coatneyi,HC00393139,A5,NA,consensus,NA,NA,NA,NA,NA,NA,NA,99.9,NA,NA,1005,TTTCTTATGGAATTACGGATTTCTTCTAGGTATTATATTCTTTATACAAATATTAACAGGTGTATTTTTAGCTAGTCGTTATACTCCAGAAATTTCTTATGCATATTATAGTATACAACATATTTTAAGAGAGTTATGGAGTGGATGGTGTTTTAGATATATGCATGCTACAGGTGCATCTCTTGTGTTCTTATTAACTTATTTACATATTTTAAGAGGATTAAATTATTCATATTTATATTTACCTTTATCATGGATATCAGGATTAATTATATTTGCATTATTTATAGTTACAGCTTTTATAGGTTATGTTTTACCTTGGGGACAAATGAGTTATTGGGGTGCAACTGTTATAACAAATTTATTATCTTCAATTCCAGTACTAGTTATTTGGTTATGTGGAGGATATACAGTAAGTGATCCAACAATAAAAAGATTTTTTGTATTACATTTTATACTTCCTTTTGTAGCATTATGTATTGTATTTATACATATATTCTTTTTACATTTACATGGTAGCACAAATCCTTTAGGGTATGATACAGCATTAAAAATACCCTTTTATCCAAATCTATTAAGTCTTGATGTTAAAGGATTTAATAATATATTTATATTATTCTTATTGCAAAGTATTTTTGGTATAATTCCATTATCTCATCCAGATAATGCTATATTAGTCAATACATATGTTACACCAATTCAAATAGTTCCTGAATGGTACTTTTTACCATTTTATGCAATGTTAAAAACAATACCTAGTAAAACAGCAGGATTATTAATTGTTTTAACATCTTTACAATTATTATTTTTATTAGCTGAACAAAGAAGTTTAACTACTATAATACAATTTAAAATGACATTTGGTGCTAGAGAATATTCAGTACCAATGATATGGTTTATGTGTTCATTCTATGCTTTATTATGGATTGGATGTCAATTACCACAAGATATTTTCATTTTATATGGTCGTTTATTTATAATATTATTCTTCTCTAGTGGATTATT
34,BC1963,cytB,sample,Plasmodium fieldi,HC00393139,B5,NA,consensus,NA,NA,NA,NA,NA,NA,NA,99.9,NA,NA,999,TTTCTTATGGAATTATGGATTTCTTTTAGGTATTATATTTTTTATACAAATATTAACAGGTGTATTTTTAGCTAGTCGTTATACTCCAGAAATATCTTATGCATATTATAGTATACAACATATTTTAAGAGAATTATGGAGTGGATGGTGTTTTAGATATATGCATGCTACAGGTGCATCTCTTGTATTCTTATTAACTTATTTACACATTTTAAGAGGATTAAATTATTCATATTTATATCTACCTTTATCATGGATATCAGGATTAATAATATTTGCATTATTTATAGTTACAGCTTTTATAGGTTATGTTTTACCTTGGGGACAAATGAGTTATTGGGGTGCAACTGTTATAACTAATTTATTATCTTCAATTCCAGTATTAGTTATTTGGTTATGTGGAGGATATACAGTAAGTGATCCTACAATTAAAAGATTTTTTGTATTACATTTTATACTTCCTTTTGTAGCATTATGTATTGTATTTATACATATATTCTTTTTACATTTACATGGTAGCACAAATCCTTTAGGGTATGATACAGCTTTAAAAATACCCTTCTATCCAAATCTATTAAGTCTTGATGTAAAAGGATTTAATAATATATTTATATTATTCTTATTACAAAGTATTTTTGGTATAATTCCATTATCTCATCCAGATAATGCTATATTAGTCAATACATATGTTACACCAATTCAAATTGTTCCTGAATGGTACTTTTTACCATTTTATGCAATGTTAAAAACAATACCTAGTAAAACTGCAGGTTTATTAATTGTTTTAGCATCTTTACAATTATTATTTCTATTAGCTGAACAAAGAAGTTTAACTACTATAATACAATTTAAAATGACATTTGGTGCTAGAGAATATTCTGTACCAATGATATGGTTTATGTGTTCATTCTATGCTTTATTATGGATTGGATGTCAATTACCACAAGATATTTTCATTTTATATGGTCGTTTATTTATAATATCATTTTCTCTAGTGGA
35,BC1974,cytB,sample,Plasmodium inui,HC00393139,C5,NA,consensus,NA,NA,NA,NA,NA,NA,NA,99.4,NA,NA,1002,AATTTCTTATGGAATTATGGATTTCTTTTAGGTATTATATTCTTTATACAAATATTAACAGGTGTATTCTTAGCTAGTCGTTATACTCCAGAAATATCTTATGCATATTATAGTATACAACATATTTTAAGAGAATTATGGAGTGGATGGTGTTTTAGATATATGCATGCTACAGGTGCATCTCTTGTATTTTTATTAACTTACTTACACATTTTAAGAGGATTAAATTACTCATATTTATATCTACCTTTATCATGGATATCAGGATTAGTAATATTTGCATTATTTATAGTAACAGCTTTTATAGGTTATGTTTTACCTTGGGGACAAATGAGTTATTGGGGTGCAACAGTTATAACTAATTTATTATCTTCAATTCCAGTATTAGTTATTTGGTTATGTGGAGGATATACAGTTAGTGATCCTACAATTAAAAGATTTTTTATATTACATTTTATACTTCCTTTTATAGCACTATGTATTGTATTTATACATATATTCTTTTTACATTTACACGGTAGCACAAATCCTTTAGGGTATGATACAGCTTTTAAAATACCCTTCTATCCAAATCTATTAAGTCTTGATGTAAAAGGATTTAATAATATATTTATATTATTCTTATTACAAAGTATTTTTGGTATAATTCCATTATCTCATCCAGATAATGCTATATTAGTTAATACATATGTTACACCAATTCAAATTGTTCCTGAATGGTACTTCTTACCATTTTATGCAATATTAAAAACAATACCTAGTAAAACAGCAGGTTTATTAATTGTTTTAGCATCTTTACAATTATTATTTTTATTTGCTGAACAAAGAAATTTAACTACTATAATACAATTTAAAATGACATTTGGTGCTAGAGAATATTCAGTACCAATGATATGGTTTATGTGTTCATTCTATGCTTTATTATGGATTGGATGTCAATTACCACAAGATATTTTCATTTTATATGGTCGTTTATTTATAATAATATTCTTCTCTAGTGGA
36,BC1995,cytB,sample,Plasmodium coatneyi,HC00393139,D5,NA,consensus,NA,NA,NA,NA,NA,NA,NA,98.8,NA,NA,1032,ATTTATAAATTACCCATGCCCATAAATATAAATTTCTTATGGAATTATGGATTTCTTTTAGGTATTATATTCTTTATACAAATATTAACAGGTGTATTTTTAGCTAGTCGTTATACTCCAGAAATTTCTTATGCATATTATAGTATACAACATATTTTAAGAGAATTATGGAGTGGATGGTGTTTTAGATATATGCATGCTACAGGTGCATCTCTTGTGTTCTTATTAACTTATTTACACATTTTAAGAGGATTAAATTATTCATATTTATATCTACCTTTATCATGGATATCAGGATTAATTATATTTGCATTATTTATAGTTACAGCTTTTATAGGTTATGTTTTACCTTGGGGACAAATGAGTTATTGGGGTGCAACTGTTATAACTAATTTATTATCTTCAATTCCAGTATTAGTTATTTGGTTATGTGGAGGATATACAGTAAGTGATCCAACAATTAAAAGATTTTTTGTATTACATTTTATACTTCCTTTTGTAGCATTATGTATTGTATTTATACATATATTCTTTTTACATTTACATGGTAGCACAAATCCTTTAGGGTATGATACAGCATTAAAAATACCCTTCTATCCAAATCTATTAAGTCTTGATGTTAAAGGATTTAATAATATATTTATATTATTCTTATTGCAAAGTATTTTTGGTATAATTCCATTATCTCATCCAGATAATGCTATATTAGTCAATACATATGTTACACCAATTCAAATTGTTCCTGAATGGTACTTTTTACCATTTTATGCAATGTTAAAAACAATACCTAGTAAAACAGCAGGATTATTAATTGTTTTAACATCTTTACAATTATTATTTTTATTAGCTGAACAAAGAAGTTTAACTACTATAATACAATTTAAAATGACATTTGGTGCTAGAGAATATTCAGTACCAATGATATGGTTTATGTGTTCATTCTATGCTTTATTATGGATTGGATGTCAATTACCACAAGATATTTTCATTTTATATGGTCGTTTATTTATAATATCATTCTTCTCTAGTGGA
37,BC2006,cytB,sample,Plasmodium bubalis,HC00393139,E5,NA,consensus,4,"Plasmodium bubalis mitochondrial DNA, complete genome, isolate: MUK2014-69",Plasmodium bubalis,1644,1644,98%,0,95.27,6002,LC090213.1,1049,GATCAATAAGAGTACATAATGCACTAGAAAAGAATATTATAATAAATAAACGACCATATAAAATGTAAATATCTTGTGGTAATTGACATCCAATCCATAATAAAGCATAGAATGAACATATTAAACATATAGTTGGAACTGAATATTCTCTAGCACCAAAAGCGAATTTAAATTGAATAAGTGTTGTTAAACTTCTTTGTTCAGCTAATAAGAATAATACTTGTAATGATGCTAACATAACTAATAAACCAGCTGTTTTATTAGGAATTGTTTTTAACATAGCATAAAAAGGTAAGAAATACCATTCTGGAACAATGTGTAAAGGAGTAGCATATCTGTCTACTGTTATTGCATTATCTGGATGAGATAATGGTAATATACCAAATAAACTTTGAGATAAAAATAATACTAATACATTATTAAAACCTTTTATATCAAGACTTAATAGATTTGGATAGAAGGGTATTTTTAATGCTGTATCATACCCTAAAGGATTAGTGCTTCCTTGTAGATGTAAGAAGAAAATATGTATAAATACAATACATAAAGCTATAAATGGAAAAGTAAAATGTAATACAAAGAATCTTTTTAAAGTAGGATCACTTACAAGATATCCACCACATATCCATGATACAAGACCAGGAATAAAATATAATAAATTAGTAATAACTGTAGCACCCCAAAAACTCATTTGACCCCAAGGTAATACATATCCCATAAAAGCTGTTACAATAGATATTAAAAATATAATTAATCCAGTAATCCAAGATAAAGGTAGATATGAGTATGAATAATTTAGTCCTCTTAAAATGTGTAGATAAGTTAAAATAAATACGAATGAAGCACCTGTTGCATGCATATATCTAAAGCACCATCCACTCCATAATTCTCTTAAAATATGTTGTACACTATAATATGCATATGATATTTCAGGAGTATAACAAGTTGCTAATAATACACCTGTTAAAATTTGTATAAAGAATACAATACCTAATAGGAATCCATAATTCCATAAGAAGTTTATATTTAGTGGACATGGATATGAATAA
38,BC2031,cytB,sample,Plasmodium inui,HC00393139,F5,NA,consensus,4,"Plasmodium inui isolate South China mitochondrion, complete genome",Plasmodium inui,1637,1637,100%,0,99.89,5972,HM032052.1,889,GCTAGTCGTTATACTCCAGAAATGTCTTATGCATATTATAGTATACAACATATTTTAAGAGAATTATGGAGTGGATGGTGTTTTAGATATATGCATGCTACAGGTGCATCTCTTGTATTTTTATTAACTTACTTACACATTTTAAGAGGATTAAACTATTCATATTTATATCTACCTTTATCATGGATATCAGGATTAGTAATATTTGCATTATTAATAATAACAGCTTTTATAGGTTACGTTTTACCTTGGGGACAAATGAGTTATTGGGGTGCAACAGTTATAACTAATTTATTATCTTCAATTCCAGTATTAGTTATTTGGTTATGTGGAGGATATACAGTTAGTGATCCTACAATTAAAAGATTTTTTGTATTACATTTTATACTTCCTTTTGTAGCACTATGTATTGTATTTATACATATATTCTTTTTACATTTACACGGTAGCACTAATCCTTTAGGGTATGATACAGCTTTTAAAATACCCTTCTATCCAAATCTATTAAGTCTTGATGTAAAAGGATTTAATAATATATTTATATTATTCTTATTACAAAGTATTTTTGGTATAATTCCATTATCTCATCCAGATAATGCTATATTAGTAAATACATATGTAACACCAATTCAAATTGTTCCTGAATGGTACTTTTTACCATTTTATGCAATATTAAAAACAATACCTAGTAAAACAGCAGGTTTATTAATTGTTTTAGCATCTTTACAATTATTATTTTTATTTGCTGAACAAAGAAATTTAACTACTATAATACAGTTTAAAATGACATTTGGTGCTAGAGAATATTCTCTACCAATGATATGGTTTATGTGTTCATTCTATGCTTTATTATGGATTGGATGTCAATTACCACAAGATATTTTCATTT
39,BC2033,cytB,sample,Plasmodium inui,HC00393139,G5,NA,consensus,3,"Plasmodium inui mitochondrial cox3, cox1, cytb genes for cytochrome oxidase subunit 3, cytochrome oxidase subunit 1, cytochrome b, complete and partial cds, strain: ATCC 30195",Plasmodium inui,1790,1790,100%,0,99.39,5981,AB444114.1,987,ATATTAATTTCTTATGGAATTATGGATTTCTTTTAGGTATTATATTCTTTATACAAATATTAACAGGTGTATTCTTAGCTAGTCGTTATACTCCAGAAATATCTTATGCATATTATAGTATACAACATATTTTAAGAGAATTATGGAGTGGATGGTGTTTTAGATATATGCATGCTACAGGTGCATCTCTTGTATTTTTATTAACTTACTTACACATTTTAAGAGGATTAAATTACTCATATTTATATCTACCTTTATCATGGATATCAGGATTAGTAATATTTGCATTATTTATAGTAACAGCTTTTATAGGTTATGTTTTACCTTGGGGACAAATGAGTTATTGGGGTGCAACAGTTATAACTAATTTATTATCTTCAATTCCAGTATTAGTTATTTGGTTATGTGGAGGATATACAGTTAGTGATCCTACAATTAAAAGATTTTTTATATTACATTTTATACTTCCTTTTATAGCACTATGTATTGTATTTATACATATATTCTTTTTACATTTACACGGTAGCACAAATCCTTTAGGGTATGATACAGCTTTTAAAATACCCTTCTATCCAAATCTATTAAGTCTTGATGTAAAAGGATTTAATAATATATTTATATTATTCTTATTACAAAGTATTTTTGGTATAATTCCATTATCTCATCCAGATAATGCTATATTAGTTAATACATATGTTACACCAATTCAAATTGTTCCTGAATGGTACTTCTTACCATTTTATGCAATATTAAAAACAATACCTAGTAAAACAGCAGGTTTATTAATTGTTTTAGCATCTTTACAATTATTATTTTTATTTGCTGAACAAAGAAATTTAACTACTATAATACAATTTAAAATGACATTTGGTGCTAGAGAATATTCAGTACCAATGATATGGTTTATGTGTTCATTCTATGCTTTATTATGGATTGGATGTCAATTACCACAAGATATTTTCATTTTATATGGTCGTTTATTTATAA
40,BC2047,cytB,sample,Plasmodium coatneyi,HC00393139,H5,NA,consensus,7,"Plasmodium coatneyi mitochondrial cox3, cox1, cytb genes for cytochrome oxidase subunit 3, cytochrome oxidase subunit 1, cytochrome b, complete and partial cds",Plasmodium coatneyi,1790,1790,100%,0,99.9,5976,AB354575.1,972,TATATTCTTTATACAAATATTAACAGGTGTATTTTTAGCTAGTCGTTATACTCCAGAAATTTCTTATGCATATTATAGTATACAACATATTTTAAGAGAGTTATGGAGTGGATGGTGTTTTAGATATATGCATGCTACAGGTGCATCTCTTGTGTTCTTATTAACTTATTTACATATTTTAAGAGGATTAAATTATTCATATTTATATTTACCTTTATCATGGATATCAGGATTAATTATATTTGCATTATTTATAGTTACAGCTTTTATAGGTTATGTTTTACCTTGGGGACAAATGAGTTATTGGGGTGCAACTGTTATAACAAATTTATTATCTTCAATTCCAGTACTAGTTATTTGGTTATGTGGAGGATATACAGTAAGTGATCCAACAATAAAAAGATTTTTTGTATTACATTTTATACTTCCTTTTGTAGCATTATGTATTGTATTTATACATATATTCTTTTTACATTTACATGGTAGCACAAATCCTTTAGGGTATGATACAGCATTAAAAATACCCTTTTATCCAAATCTATTAAGTCTTGATGTTAAAGGATTTAATAATATATTTATATTATTCTTATTGCAAAGTATTTTTGGTATAATTCCATTATCTCATCCAGATAATGCTATATTAGTCAATACATATGTTACACCAATTCAAATAGTTCCTGAATGGTACTTTTTACCATTTTATGCAATGTTAAAAACAATACCTAGTAAAACAGCAGGATTATTAATTGTTTTAACATCTTTACAATTATTATTTTTATTAGCTGAACAAAGAAGTTTAACTACTATAATACAATTTAAAATGACATTTGGTGCTAGAGAATATTCAGTACCAATGATATGGTTTATGTGTTCATTCTATGCTTTATTATGGATTGGATGTCAATTACCACAAGATATTTTCATTTTATATGGTCGTTTATTTATAATATTATTCTTCTCTAGTGGATTATT
41,BC2621,cytB,sample,Plasmodium inui,HC00393139,A6,NA,consensus,2,"Plasmodium inui isolate South China mitochondrion, complete genome",Plasmodium inui,1832,1832,100%,0,99.9,5972,HM032052.1,995,AGAATAATATTATAAATAAACGACCATATAAAATGAAAATATCTTGTGGTAATTGACATCCAATCCATAATAAAGCATAGAATGAACACATAAACCATATCATTGGTAGAGAATATTCTCTAGCACCAAATGTCATTTTAAACTGTATTATAGTAGTTAAATTTCTTTGTTCAGCAAATAAAAATAATAATTGTAAAGATGCTAAAACAATTAATAAACCTGCTGTTTTACTAGGTATTGTTTTTAATATTGCATAAAATGGTAAAAAGTACCATTCAGGAACAATTTGAATTGGTGTTACATATGTATTTACTAATATAGCATTATCTGGATGAGATAATGGAATTATACCAAAAATACTTTGTAATAAGAATAATATAAATATATTATTAAATCCTTTTACATCAAGACTTAATAGATTTGGATAGAAGGGTATTTTAAAAGCTGTATCATACCCTAAAGGATTAGTGCTACCGTGTAAATGTAAAAAGAATATATGTATAAATACAATACATAGTGCTACAAAAGGAAGTATAAAATGTAATACAAAAAATCTTTTAATTGTAGGATCACTAACTGTATATCCTCCACATAACCAAATAACTAATACTGGAATTGAAGATAATAAATTAGTTATAACTGTTGCACCCCAATAACTCATTTGTCCCCAAGGTAAAACGTAACCTATAAAAGCTGTTATTATTAATAATGCAAATATTACTAATCCTGATATCCATGATAAAGGTAGATATAAATATGAATAGTTTAATCCTCTTAAAATGTGTAAGTAAGTTAATAAAAATACAAGAGATGCACCTGTAGCATGCATATATCTAAAACACCATCCACTCCATAATTCTCTTAAAATATGTTGTATACTATAATATGCATAAGACATTTCTGGAGTATAACGACTAGCTAAGAATATACCTGTTAATATTTGTATAAAGAATATAATACCTAAAAGAAATCCGTAATTCCATAAGAAATTTATA
42,BC2659,cytB,sample,Plasmodium odocoilei,HC00393139,B6,NA,consensus,8,"Plasmodium odocoilei isolate WTD169596 cytochrome b (cytb) gene, partial cds; mitochondrial",Plasmodium odocoilei,1548,1548,100%,0,96.48,979,MH177860.1,937,AGGTATTGTATTCTTTATACAAATTTTAACAGGTGTATTATTAGCAACTTGTTATACTCCTGAAATATCATATGCTTATTATAGTGTACAACATATTTTAAGAGAATTATGGAGTGGATGGTGCTTTAGATATATGCATGCAACAGGTGCTTCATTCGTATTTATTTTAACTTATCTACACATTTTAAGAGGACTAAATTATTCATACTCATATCTACCTTTATCTTGGATTACTGGATTAATTATCTTTTTAATATCTATTGTAACAGCTTTTATGGGATATGTATTACCTTGGGGTCAAATGAGTTTTTGGGGTGCTACAGTTATTACTAATTTATTATATTTTATTCCTGGTCTTGTATCATGGATATGTGGTGGATATCTTGTAAGTGATCCAACTTTAAAAAGATTCTTTGTATTACATTTTACTTTTCCATTTATAGCTTTATGTATTGTATTTATACATATTTTCTTCTTACATCTACAAGGAAGCACTAATCCTTTAGGGTATGATACAGCATTAAAAATACCCTTCTATCCAAATCTATTAAGTCTTGATATTAAAGGTTTTAATAATGTATTAGTATTATTTTTATCTCAAAGTTTATTTGGTATATTACCATTATCTCATCCAGATAATGCAATAACAGTAGACAGATATGCTACTCCTTTACATATTGTTCCAGAATGGTATTTCTTACCTTTTTATGCTATGTTAAAAACAATTCCTAATAAAACAGCTGGTTTATTAGTTATGTTAGCATCATTACAAGTATTATTCTTATTAGCAGAACAAAGAAGTTTAACAACACTTATTCAATTTAAATTCGCTTTTGGTGCTAGAGAATATTCAGTTCCAACTATATGTTTAATATGTTCATTCTATGCTTTATTATGGATTGGATGTCAATTACCACAAGATATTTACATTTTATAT
43,BC2939,cytB,sample,Plasmodium inui,HC00393139,C6,NA,consensus,5,"Plasmodium inui mitochondrial cox3, cox1, cytb genes for cytochrome oxidase subunit 3, cytochrome oxidase subunit 1, cytochrome b, complete and partial cds, strain: ATCC 30200",Plasmodium inui,1594,1594,100%,0,99.88,5972,AB444118.1,866,AGCTAGTCGTTATACTCCAGAAATGTCTTATGCATATTATAGTATACAACATATTTTAAGAGAATTATGGAGTGGATGGTGTTTTAGATATATGCATGCTACAGGTGCATCTCTTGTATTTTTATTAACTTACTTACACATTTTAAGAGGATTAAACTATTCATATTTATATCTACCTTTATCATGGATATCAGGATTAGTAATATTTGCATTATTAATAATAACAGCTTTTATAGGTTACGTTTTACCTTGGGGACAAATGAGTTATTGGGGTGCAACAGTTATAACTAATTTATTATCTTCAATTCCAGTATTAGTTATTTGGTTATGTGGAGGATATACAGTTAGTGATCCTACAATTAAAAGATTTTTTGTATTACATTTTATACTTCCTTTTGTAGCACTATGTATTGTATTTATACATATATTCTTTTTACATTTACACGGTAGCACTAATCCTTTAGGGTATGATACAGCTTTTAAAATACCCTTCTATCCAAATCTATTAAGTCTTGATGTAAAAGGATTTAATAATATATTTATATTATTCTTATTACAAAGTATTTTTGGTATAATTCCATTATCTCATCCAGATAATGCTATATTAGTAAATACATATGTAACACCAATTCAAATTGTTCCTGAATGGTACTTTTTACCATTTTATGCAATATTAAAAACAATACCTAGTAAAACAGCAGGTTTATTAATTGTTTTAGCATCTTTACAATTATTATTTTTATTTGCTGAACAAAGAAATTTAACTACTATAATACAGTTTAAAATGACATTTGGTGCTAGAGAATATTCTCTACCAATGATATGGTTTATGTGTTCATTCTATGCTTTATTATGGATTGGATGTC
44,BC3029,cytB,sample,Plasmodium cynomolgi,HC00393139,D6,NA,consensus,3,"Plasmodium cynomolgi mitochondrial cox3, cox1, cytb genes for cytochrome oxidase subunit 3, cytochrome oxidase subunit 1, cytochrome b, complete and partial cds, strain: ATCC 30121",Plasmodium cynomolgi,1755,1755,100%,0,100,5991,AB444129.1,950,GGATTTCTTTTAGGTATTATATTCTTTATACAAATATTAACAGGTGTATTTTTAGCTAGTCGTTATACTCCAGAAATATCTTATGCATATTATAGTATACAACATATTTTAAGAGAATTATGGAGTGGATGGTGTTTTAGATATATGCATGCTACAGGTGCATCTCTTGTATTCTTATTAACTTATTTACATATCTTAAGAGGATTAAATTATTCATATTTATATTTACCTTTATCATGGATATCAGGATTAATCATATTTGCATTATTTATAATTACAGCTTTTATAGGTTATGTTTTACCTTGGGGACAAATGAGTTATTGGGGTGCAACTGTTATAACTAATTTATTATCTTCAATTCCAGTATTAGTAATTTGGTTATGTGGAGGATATACAGTAAGTGATCCTACAATTAAAAGATTTTTTGTATTACATTTTATACTTCCTTTTGTAGCATTATGTATTGTATTTATACATATATTCTTTTTACATTTACATGGTAGCACAAATCCTTTAGGGTATGATACAGCTTTAAAAATACCCTTCTATCCAAATCTATTAAGTCTTGATGTAAAAGGATTTAATAATATATTTATATTATTCTTATTACAAAGTATTTTTGGTATAATTCCATTATCTCATCCAGATAATGCTATATTAGTTAATACATATGTAACACCAATTCAAATTGTTCCTGAATGGTACTTTTTACCATTTTATGCAATGTTAAAAACAATACCTAGTAAAACAGCAGGTTTATTAATTGTTTTAGCATCTTTACAATTATTATTTTTATTAGCTGAACAAAGAAGTTTAACTACTATAATACAATTTAAAATGACATTTGGTGCTAGAGAATACTCTGTACCAATGATATGGTTTATGTGTTCATTCTATGCTTTATTATGGATTGGATGTCAATTACCACAAGATATTTTCATTTTATATGG
45,BC3055,cytB,sample,Plasmodium inui,HC00393139,E6,NA,consensus,3,"Plasmodium inui mitochondrial cox3, cox1, cytb genes for cytochrome oxidase subunit 3, cytochrome oxidase subunit 1, cytochrome b, complete and partial cds, strain: ATCC 30200",Plasmodium inui,1853,1853,100%,0,99.7,5972,AB444118.1,1012,AATAATCCACTAGAAAGAATAATATTATAAATAAACGACCATATAAAATGAAAATATCTTGTGGTAATTGACATCCAATCCATAATAAAGCATAGAATGAACACATAAACCATATCATTGGTAGAGAATATTCTCTAGCACCAAATGTCATTTTAAACTGTATTATAGTAGTTAAATTTCTTTGTTCAGCAAATAAAAATAATAATTGTAAAGATGCTAAAACAATTAATAAACCTGCTGTTTTACTAGGTATTGTTTTTAATATTGCATAAAATGGTAAAAAGTACCATTCAGGAACAATTTGAATTGGTGTTACATATGTATTTACTAATATAGCATTATCTGGATGAGATAATGGAATTATACCAAAAATACTTTGTAATAAGAATAATATAAATATATTATTAAATCCTTTTACATCAAGACTTAATAGATTTGGATAGAAGGGTATTTTAAAAGCTGTATCATACCCTAAAGGATTAGTGCTACCGTGTAAATGTAAAAAGAATATATGTATAAATACAATACATAGTGCTACAAAAGGAAGTATAAAATGTAATACAAAAAATCTTTTAATTGTAGGATCACTAACTGTATATCCTCCACATAACCAAATAACTAATACTGGAATTGAAGATAATAAATTAGTTATAACTGTTGCACCCCAATAACTCATTTGTCCCCAAGGTAAAACGTAACCTATAAAAGCTGTTATGATTAATAATGCAAATATTACTAATCCTGATATCCATGATAAAGGTAGATATAAATATGAATAGTTTAATCCTCTTAAAATGTGTAAGTAAGTTAATAAAAATACAAGAGATGCACCTGTAGCATGCATATATCTAAAACACCATCCACTCCATAATTCTCTTAAAATATGTTGTATACTATAATATGCATAAGACATTTCTGGAGTATAACGACTAGCTAAGAATATACCTGTTAATATTTGTATAAAGAATATAATACCTAAAAGAAATCCGTAATTCCATAAGAAATTTATATT
46,BC3137,cytB,sample,Plasmodium vivax,HC00393139,F6,NA,consensus,0,"Plasmodium vivax isolate XIA36900 mitochondrion, complete genome",Plasmodium vivax,1879,1879,100%,0,100,5878,KY923394.1,1017,AAATAATCCACTAGAGAAGAATGATATTATAAATAAACGACCATATAAAATAAAAATATCTTGTGGTAACTGACATCCAATCCATAATAAAGCATAGAATGAACACATAAACCATATCATTGGTACTGAATATTCTCTAGCACCAAATGTCATTTTAAATTGTATTATAGTAGTTAAACTTCTTTGTTCAGCTAATAAAAATAATAATTGTAAAGATGCTAAAACAATTAATAAACCTGCTGTTTTACTAGGTATTGTTTTTAACATTGCATAAAATGGTAAAAAGTACCATTCAGGAACAATTTGAATTGGTGTAACATATGTATTAACTAATATAGCATTATCTGGATGAGATAATGGAATTATACCAAAAATACTTTGTAATAAGAATAATATAAATATATTATTAAATCCTTTTACATCAAGACTTAATAGATTTGGATAGAAGGGTATTTTTAAAGCTGTATCATACCCTAAAGGATTTGTGCTACCATGTAAATGTAAAAAGAATATATGTATAAATACAATACATAATGCTACAAAAGGAAGTATAAAATGTAATACAAAAAATCTTTTAATTGTAGGATCACTTACAGTATATCCTCCACATAACCAAATTACTAATACTGGAATTGAAGATAATAAATTAGTTATAACAGTTGCACCCCAATAACTCATTTGTCCCCAAGGTAAAACGTAACCTATAAAAGCTGTAACTATAAATAATGCAAATATGATTAATCCTGATATCCATGATAATGGTAAATATAAATATGAATAATTTAATCCTCTTAAAATGTGTAAATAAGTTAATAAGAATACAAGAGATGCACCTGTAGCATGCATATATCTAAAACACCATCCACTCCATAATTCTCTTAAAATATGTTGTATACTATAATATGCATAAGATATTTCTGGAGTATAACGACTTGCTAAAAATACACCTGTTAATATTTGTATAAAGAATATAATACCTAAAAGAAATCCATAATTCCATAAGAAATTAATATTTAA
47,BC3175,cytB,sample,Plasmodium odocoilei,HC00393139,G6,NA,consensus,2,"Plasmodium odocoilei isolate WTD169596 cytochrome b (cytb) gene, partial cds; mitochondrial",Plasmodium odocoilei,1670,1670,96%,0,97.45,979,MH177860.1,1019,AGAGTACATAATGCACTAGAAAAGAATATTATAATGAATAAACGACCATATAAAATGTAAATATCTTGTGGTAATTGACATCCAATCCATAATAAAGCATAGAATGAACATATTAAACATATAGTTGGAACTGAATATTCTCTAGCACCAAAAGCGAATTTTAATTGAATAAGTGTTGTTAGACTTCTTTGTTCTGCTAATAAGAATAATACTTGTAATGATGCTAACATAACTAATAAACCAGCTGTTTTATTAGGAATTGTTTTTAACATAGCATAAAAAGGTAAGAAATACCATTCAGGAACAATGTGTAAAGGAGTAGCATATCTGTCTACTGTTATAGCATTATCTGGATGAGATAATGGTAATATACCAAATAAACTTTGAGATAAAAATAATACTAATACGTTATTAAAACCTTTAATATCAAGACTTAATAGATTTGGATAGAAGGGTATTTTTAATGCTGTATCATACCCTAAAGGATTAGTGCTTCCTTGTAGATGTAAGAAGAATATATGTATAAATACAATACATAAAGCAATGAATGGGAAAGTAAAATGTAATACAAAGAATCTTTTTAAAGTAGGATCACTAACAAGATATCCACCACATATCCATGATACAAGACCTGGAATAAAATATAATAAATTAGTAATAACTGTAGCACCCCAGAAACTCATTTGACCCCAAGGTAATACATAACCCATAAAAGCTGTGACAATAGATATTAAGAATATAATTAATCCTGTTATCCAAGATAGAGGTAAGTATGAATATGAATAATTTAATCCTCTTAAAATGTGTAGATAAGTTAAAATAAATACAAATGAAGCACCTGTTGCATGCATGTATCTAAAGCACCATCCACTCCATAATTCTCTTAAAATATGTTGTACACTATAATATGCATAAGATATTTCTGGAGTATAGCAAGTTGCTAATAATACACCTGTTAAAATTTGTATAAAGAATACAATTCCTAATAGGAATCCATAATTCCATAAAAAGTTTATATT
48,BC3433,cytB,sample,Plasmodium inui,HC00393139,H6,NA,consensus,1,"Plasmodium inui mitochondrial cox3, cox1, cytb genes for cytochrome oxidase subunit 3, cytochrome oxidase subunit 1, cytochrome b, complete and partial cds, strain: ATCC 30195",Plasmodium inui,1834,1834,100%,0,99.41,5981,AB444114.1,1011,ATAATCCACTAGAGAAGAATATTATTATAAATAAACGACCATATAAAATGAAAATATCTTGTGGTAATTGACATCCAATCCATAATAAAGCATAGAATGAACACATAAACCATATCATTGGTACTGAATATTCTCTAGCACCAAATGTCATTTTAAATTGTATTATAGTAGTTAAATTTCTTTGTTCAGCAAATAAAAATAATAATTGTAAAGATGCTAAAACAATTAATAAACCTGCTGTTTTACTAGGTATTGTTTTTAATATTGCATAAAATGGTAAGAAGTACCATTCAGGAACAATTTGAATTGGTGTAACATATGTATTAACTAATATAGCATTATCTGGATGAGATAATGGAATTATACCAAAAATACTTTGTAATAAGAATAATATAAATATATTATTAAATCCTTTTACATCAAGACTTAATAGATTTGGATAGAAGGGTATTTTAAAAGCTGTATCATACCCTAAAGGATTTGTGCTACCGTGTAAATGTAAAAAGAATATATGTATAAATACAATACATAGTGCTATAAAAGGAAGTATAAAATGTAATATAAAAAATCTTTTAATTGTAGGATCACTAACTGTATATCCTCCACATAACCAAATAACTAATACTGGAATTGAAGATAATAAATTAGTTATAACTGTTGCACCCCAATAACTCATTTGTCCCCAAGGTAAAACATAACCTATAAAAGCTGTTACTATAAATAATGCAAATATTACTAATCCTGATATCCATGATAAAGGTAGATATAAATATGAGTAATTTAATCCTCTTAAAATGTGTAAGTAAGTTAATAAAAATACAAGAGATGCACCTGTAGCATGCATATATCTAAAACACCATCCACTCCATAATTCTCTTAAAATATGTTGTATACTATAATATGCATAAGATATTTCTGGAGTATAACGACTAGCTAAGAATACACCTGTTAATATTTGTATAAAGAATATAATACCTAAAAGAAATCCATAATTCCATAAGAAATTAATAT
49,BC3439,cytB,sample,Plasmodium odocoilei,HC00393139,A7,NA,consensus,8,"Plasmodium odocoilei isolate WTD169596 cytochrome b (cytb) gene, partial cds; mitochondrial",Plasmodium odocoilei,1596,1596,100%,0,96.86,979,MH177860.1,954,GAATATTATAATAAATAAACGACCATATAAAATGTAAATATCTTGTGGTAATTGACATCCAATCCATAATAAAGCATAGAATGAACATATTAAACATATAGTTGGAACTGAATATTCTCTAGCACCAAAAGCGAATTTAAATTGAATAAGTGTTGTTAAACTTCTTTGTTCAGCTAATAAGAATAATACTTGTAATGATGCTAACATAACTAATAAACCAGCTGTTTTATTAGGAATTGTTTTTAACATAGCATAAAAAGGTAAGAAATACCATTCTGGAACAATGTGTAAAGGAGTAGCATATCTGTCTACTGTTATTGCATTATCTGGATGAGATAATGGTAATATACCAAATAAACTTTGAGATAAAAATAATACTAATACATTATTAAAACCTTTTATATCAAGACTTAATAGATTTGGATAGAAGGGTATTTTTAATGCTGTATCATACCCTAAAGGATTAGTGCTTCCTTGTAGATGTAAGAAGAAAATATGTATAAATACAATACATAAAGCTATAAATGGAAAAGTAAAATGTAATACAAAGAATCTTTTTAAAGTAGGATCACTTACAAGATATCCACCACATATCCATGATACAAGACCAGGAATAAAATATAATAAATTAGTAATAACTGTAGCACCCCAAAAACTCATTTGACCCCAAGGTAATACATATCCCATAAAAGCTGTTACAATAGATATTAAAAATATAATTAATCCAGTAATCCAAGATAAAGGTAGATATGAGTATGAATAATTTAGTCCTCTTAAAATGTGTAGATAAGTTAAAATAAATACGAATGAAGCACCTGTTGCATGCATATATCTAAAGCACCATCCACTCCATAATTCTCTTAAAATATGTTGTACACTATAATATGCATATGATATTTCAGGAGTATAACAAGTTGCTAATAATACACCTGTTAAAATTTGTATAAAGAATAC
50,BC3455,cytB,sample,Plasmodium inui,HC00393139,B7,NA,consensus,2,"Plasmodium inui mitochondrial cox3, cox1, cytb genes for cytochrome oxidase subunit 3, cytochrome oxidase subunit 1, cytochrome b, complete and partial cds, strain: ATCC 30195",Plasmodium inui,1760,1760,100%,0,99.38,5981,AB444114.1,971,CCATATAAAATGAAAATATCTTGTGGTAATTGACATCCAATCCATAATAAAGCATAGAATGAACACATAAACCATATCATTGGTACTGAATATTCTCTAGCACCAAATGTCATTTTAAATTGTATTATAGTAGTTAAATTTCTTTGTTCAGCAAATAAAAATAATAATTGTAAAGATGCTAAAACAATTAATAAACCTGCTGTTTTACTAGGTATTGTTTTTAATATTGCATAAAATGGTAAGAAGTACCATTCAGGAACAATTTGAATTGGTGTAACATATGTATTAACTAATATAGCATTATCTGGATGAGATAATGGAATTATACCAAAAATACTTTGTAATAAGAATAATATAAATATATTATTAAATCCTTTTACATCAAGACTTAATAGATTTGGATAGAAGGGTATTTTAAAAGCTGTATCATACCCTAAAGGATTTGTGCTACCGTGTAAATGTAAAAAGAATATATGTATAAATACAATACATAGTGCTATAAAAGGAAGTATAAAATGTAATATAAAAAATCTTTTAATTGTAGGATCACTAACTGTATATCCTCCACATAACCAAATAACTAATACTGGAATTGAAGATAATAAATTAGTTATAACTGTTGCACCCCAATAACTCATTTGTCCCCAAGGTAAAACATAACCTATAAAAGCTGTTACTATAAATAATGCAAATATTACTAATCCTGATATCCATGATAAAGGTAGATATAAATATGAGTAATTTAATCCTCTTAAAATGTGTAAGTAAGTTAATAAAAATACAAGAGATGCACCTGTAGCATGCATATATCTAAAACACCATCCACTCCATAATTCTCTTAAAATATGTTGTATACTATAATATGCATAAGATATTTCTGGAGTATAACGACTAGCTAAGAATACACCTGTTAATATTTGTATAAAGAATATAATACCTAAAAGAAATCCATAATTCCATAAGAAATTAAT
51,BC3459,cytB,sample,Plasmodium coatneyi,HC00393139,C7,NA,consensus,5,"Plasmodium coatneyi mitochondrial cox3, cox1, cytb genes for cytochrome oxidase subunit 3, cytochrome oxidase subunit 1, cytochrome b, complete and partial cds",Plasmodium coatneyi,1742,1742,100%,0,99.89,5976,AB354575.1,946,CGACCATATAAAATGAAAATATCTTGTGGTAATTGACATCCAATCCATAATAAAGCATAGAATGAACACATAAACCATATCATTGGTACTGAATATTCTCTAGCACCAAATGTCATTTTAAATTGTATTATAGTAGTTAAACTTCTTTGTTCAGCTAATAAAAATAATAATTGTAAAGATGTTAAAACAATTAATAATCCTGCTGTTTTACTAGGTATTGTTTTTAACATTGCATAAAATGGTAAAAAGTACCATTCAGGAACTATTTGAATTGGTGTAACATATGTATTGACTAATATAGCATTATCTGGATGAGATAATGGAATTATACCAAAAATACTTTGCAATAAGAATAATATAAATATATTATTAAATCCTTTAACATCAAGACTTAATAGATTTGGATAAAAGGGTATTTTTAATGCTGTATCATACCCTAAAGGATTTGTGCTACCATGTAAATGTAAAAAGAATATATGTATAAATACAATACATAATGCTACAAAAGGAAGTATAAAATGTAATACAAAAAATCTTTTTATTGTTGGATCACTTACTGTATATCCTCCACATAACCAAATAACTAGTACTGGAATTGAAGATAATAAATTTGTTATAACAGTTGCACCCCAATAACTCATTTGTCCCCAAGGTAAAACATAACCTATAAAAGCTGTAACTATAAATAATGCAAATATAATTAATCCTGATATCCATGATAAAGGTAAATATAAATATGAATAATTTAATCCTCTTAAAATATGTAAATAAGTTAATAAGAACACAAGAGATGCACCTGTAGCATGCATATATCTAAAACACCATCCACTCCATAACTCTCTTAAAATATGTTGTATACTATAATATGCATAAGAAATTTCTGGAGTATAACGACTAGCTAAAAATACACCTGTTAATATTTGTATAAAGAATATAATACCTAGAA
52,BC3477,cytB,sample,Plasmodium bubalis,HC00393139,D7,NA,consensus,5,"Plasmodium bubalis mitochondrial DNA, complete genome, isolate: MUK2014-69",Plasmodium bubalis,1530,1530,100%,0,95.15,6002,LC090213.1,969,TAAATAAACGACCATATAAAATGTAAATATCTTGTGGTAATTGACATCCAATCCATAATAAAGCATAGAATGCACATATTAAACATATAGTTGGAACTGAATATTCTCTTGCACCAAAAGCAAATTTGAATTGAATAAGTGTTGTTAAACTTCTTTGTTCTGCTAATAAGAATAATATTTGTAATGATGCTAACATAACTAATAAACCAGCTGTTTTATTAGGAATTGTTTTTAACATAGCATAAAAAGGTAAGAAATACCATTCTGGAACAATATGTAAAGGAGTAGCATATCTGTCTACTGTAATTGCATTATCTGGATGAGATAATGGTAATATACCAAATAAACTTTGTGATAAGAATAATACTAATACATTATTAAAACCTTTAATATCAAGACTTAATAGATTTGGATAGAAGGGTATTTTTAATGCTGTATCATACCCTAAAGGATTTGTGCTTCCTTGTAGATGTAAGAAGAATATATGTATAAATACAATACATAAAGCAATAAATGGGAAGATAAAATGTAATACAAAGAATCTTTTTAAGGTTGGGTCACTTACAAGATATCCACCACATATCCATGAAACAAGACCAGGAATAAAATATAATAAATTTGTTATAACAGTTGCACCCCAGAAACTCATTTGACCCCAAGGTAATACATAACCCATAAAAGCTGTAACTATAGAAATTAAAAATATAATTAATCCTGTTATCCAAGATAAAGGTAAATATGAATATGAATAATTTAATCCTCTTAAAATGTGTAGATATGTTAAAATAAATACAAATGAAGCACCTGTTGCATGCATATATCTAAAGCACCATCCACTCCATAATTCTCTTAAAATATGTTGTACACTATAATATGCATATGATATTTCTGGAGTATAACAAGTTGCTAATAGAACACCAGTTAAAATTTGAATAAAAAATACAATACCTAATAAGAAACCATAATTCC
53,BC3479,cytB,sample,Plasmodium odocoilei,HC00393139,E7,NA,consensus,4,"Plasmodium odocoilei isolate WTD169596 cytochrome b (cytb) gene, partial cds; mitochondrial",Plasmodium odocoilei,1615,1615,96%,0,96.42,979,MH177860.1,1010,AATGCACTAGAAAAGAATATTATAATAAATAAACGACCATATAAAATGTAAATATCTTGTGGTAATTGACATCCAATCCATAATAAAGCATAGAATGAACATATTAAACATATAGTTGGAACTGAATATTCTCTAGCACCAAAAGCGAATTTAAATTGAATAAGTGTTGTTAAACTTCTTTGTTCTGCTAATAAGAATAATACTTGTAATGATGCTAACATAACTAATAAACCAGCTGTTTTATTAGGAATTGTTTTTAACATAGCATAAAAAGGTAAGAAATACCATTCTGGAACAATATGTAAAGGAGTAGCATATCTGTCTACTGTTATTGCATTATCTGGATGAGATAATGGTAATATACCAAATAAACTTTGAGATAAAAATAATACTAATACATTATTAAAACCTTTAATATCAAGACTTAATAGATTTGGATAGAAGGGTATTTTTAATGCTGTATCATACCCTAAAGGATTAGTGCTTCCTTGTAGATGTAAGAAGAAAATATGTATAAATACAATACATAAAGCTATAAATGGAAAAGTAAAATGTAATACAAAGAATCTTTTTAAAGTTGGATCACTTACAAGATATCCACCACATATCCATGATACAAGACCAGGAATAAAATATAATAAATTAGTAATAACTGTAGCACCCCAAAAACTCATTTGACCCCAAGGTAATACATATCCCATAAAAGCTGTTACAATAGATATTAAAAAGATAATTAATCCAGTAATCCAAGATAAAGGTAGATATGAGTATGAATAATTTAGTCCTCTTAAAATGTGTAGATAAGTTAAAATAAATACGAATGAAGCACCTGTTGCATGCATATATCTAAAGCACCATCCACTCCATAATTCTCTTAAAATATGTTGTACACTATAATAAGCATATGATATTTCAGGAGTATAACAAGTTGCTAATAATACACCTGTTAAAATTTGTATAAAGAATACAATACCTAATAGGAATCCATAATTCCATAAGAAGTTTATATT
54,BC3504,cytB,sample,Plasmodium inui,HC00393139,F7,NA,consensus,1,"Plasmodium inui isolate South China mitochondrion, complete genome",Plasmodium inui,1816,1816,100%,0,99.8,5972,HM032052.1,989,ATAAATTTCTTATGGAATTACGGATTTCTTTTAGGTATTATATTCTTTATACAAATATTAACAGGTATATTCTTAGCTAGTCGTTATACTCCAGAAATGTCTTATGCATATTATAGTATACAACATATTTTAAGAGAATTATGGAGTGGATGGTGTTTTAGATATATGCATGCTACAGGTGCATCTCTTGTATTTTTATTAACTTACTTACACATTTTAAGAGGATTAAACTATTCATATTTATATCTACCTTTATCATGGATATCAGGATTAGTAATATTTGCATTATTAATCATAACAGCTTTTATAGGTTACGTTTTACCTTGGGGACAAATGAGTTATTGGGGTGCAACAGTTATAACTAATTTATTATCTTCAATTCCAGTATTAGTTATTTGGTTATGTGGAGGATATACAGTTAGTGATCCTACAATTAAAAGATTTTTTGTATTACATTTTATACTTCCTTTTGTAGCACTATGTATTGTATTTATACATATATTCTTTTTACATTTACACGGTAGCACTAATCCTTTAGGGTATGATACAGCTTTTAAAATACCCTTCTATCCAAATCTATTAAGTCTTGATGTAAAAGGATTTAATAATATATTTATATTATTCTTATTACAAAGTATTTTTGGTATAATTCCATTATCTCATCCAGATAATGCTATATTAGTAAATACATATGTAACACCAATTCAAATTGTTCCTGAATGGTACTTTTTACCATTTTATGCAATATTAAAAACAATACCTAGTAAAACAGCAGGTTTATTAATTGTTTTAGCATCTTTACAATTATTATTTTTATTTGCTGAACAAAGAAATTTAACTACTATAATACAGTTTAAAATGACATTTGGTGCTAGAGAATATTCTCTACCAATGATATGGTTTATGTGTTCATTCTATGCTTTATTATGGATTGGATGTCAATTACCACAAGATATTTTCATTTTATATGGTCGTTTATTTATAATATT
55,BC3517,cytB,sample,Plasmodium hylobati,HC00393139,G7,NA,consensus,4,"Plasmodium hylobati mitochondrial cox3, cox1, cytb genes for cytochrome oxidase subunit 3, cytochrome oxidase subunit 1, cytochrome b, complete and partial cds",Plasmodium hylobati,1746,1746,100%,0,98.48,5973,AB354573.1,990,TATTATAAATAAACGACCATATAAAATGAAAATATCTTGTGGTAATTGACATCCAATCCATAATAGAGCATAGAATGAACACATAAACCATATCATTGGTACTGAATATTCTCTAGCACCAAATGTCATTTTAAATTGTATTATAGTAGTTAAATTTCTTTGTTCAGCTAATAAAAATAATAATTGTAAAGATGCTAAAACAATTAATAAACCTGCTGTTTTACTAGGTATTGTTTTTAACATTGCGTAAAATGGTAAAAAGTACCATTCAGGAACAATTTGAATTGGTGTAACATATGTATTAACTAGTATAGCATTATCTGGATGAGATAATGGAATTATACCAAAAATACTTTGTAGTAAGAATAATATAAATATATTGTTAAATCCTTTTACATCAAGACTTAATAGATTTGGATAGAAGGGTATTTTTAAAGCTGTATCATACCCTAAAGGATTTGTGCTACCATGTAAATGTAAGAAGAATATATGTATAAATACAATACATAATGCTACAAAAGGAAGTATAAAATGTAGTACAAAAAATCTTTTGATAGTAGGATCACTTACTGTATATCCTCCACATAACCAGATAACTAATACTGGAATTGAAGATAATAAATTAGTTATAACTGTTGCACCCCAATAACTCATTTGTCCCCAAGGTAAAACATAACCTATAAAAGCTGTAACTATAAATAATGCAAATATTACTAACCCTGATATCCATGATAAAGGTAGGTATAAATATGAATAATTTAATCCTCTTAAAATATGTAAGTAAGTTAATAAGAATACAAGAGATGCACCTGTAGCATGCATATATCTAAAACACCATCCACTCCATAATTCTCTTAAAATATGTTGTATACTATAATATGCATAAGATACTTCTGGAGTATAACGACTAGCTAAGAATACACCTGTTAATATTTGTATAAAGAATATAATACCTAAAAGAAATCCATAATTCCATAAGAAATTAATATT
56,BC3831,cytB,sample,Plasmodium vivax,HC00393139,H7,NA,consensus,0,"Plasmodium vivax isolate XIA36900 mitochondrion, complete genome",Plasmodium vivax,1858,1858,100%,0,100,5878,KY923394.1,1006,ATAATCCACTAGAGAAGAATGATATTATAAATAAACGACCATATAAAATAAAAATATCTTGTGGTAACTGACATCCAATCCATAATAAAGCATAGAATGAACACATAAACCATATCATTGGTACTGAATATTCTCTAGCACCAAATGTCATTTTAAATTGTATTATAGTAGTTAAACTTCTTTGTTCAGCTAATAAAAATAATAATTGTAAAGATGCTAAAACAATTAATAAACCTGCTGTTTTACTAGGTATTGTTTTTAACATTGCATAAAATGGTAAAAAGTACCATTCAGGAACAATTTGAATTGGTGTAACATATGTATTAACTAATATAGCATTATCTGGATGAGATAATGGAATTATACCAAAAATACTTTGTAATAAGAATAATATAAATATATTATTAAATCCTTTTACATCAAGACTTAATAGATTTGGATAGAAGGGTATTTTTAAAGCTGTATCATACCCTAAAGGATTTGTGCTACCATGTAAATGTAAAAAGAATATATGTATAAATACAATACATAATGCTACAAAAGGAAGTATAAAATGTAATACAAAAAATCTTTTAATTGTAGGATCACTTACAGTATATCCTCCACATAACCAAATTACTAATACTGGAATTGAAGATAATAAATTAGTTATAACAGTTGCACCCCAATAACTCATTTGTCCCCAAGGTAAAACGTAACCTATAAAAGCTGTAACTATAAATAATGCAAATATGATTAATCCTGATATCCATGATAATGGTAAATATAAATATGAATAATTTAATCCTCTTAAAATGTGTAAATAAGTTAATAAGAATACAAGAGATGCACCTGTAGCATGCATATATCTAAAACACCATCCACTCCATAATTCTCTTAAAATATGTTGTATACTATAATATGCATAAGATATTTCTGGAGTATAACGACTTGCTAAAAATACACCTGTTAATATTTGTATAAAGAATATAATACCTAAAAGAAATCCATAATTCCATAAGAAATT
57,BC3839,cytB,sample,Plasmodium inui,HC00393139,A8,NA,consensus,0,"Plasmodium inui mitochondrial cox3, cox1, cytb genes for cytochrome oxidase subunit 3, cytochrome oxidase subunit 1, cytochrome b, complete and partial cds, strain: ATCC 30195",Plasmodium inui,1851,1851,100%,0,99.32,5981,AB444114.1,1023,AAATAATCCACTAGAGAAGAATATTATTATAAATAAACGACCATATAAAATGAAAATATCTTGTGGTAATTGACATCCAATCCATAATAAAGCATAGAATGAACACATAAACCATATCATTGGTACTGAATATTCTCTAGCACCAAATGTCATTTTAAATTGTATTATAGTAGTTAAATTTCTTTGTTCAGCAAATAAAAATAATAATTGTAAAGATGCTAAAACAATTAATAAACCTGCTGTTTTACTAGGTATTGTTTTTAATATTGCATAAAATGGTAAGAAGTACCATTCAGGAACAATTTGAATTGGTGTAACATATGTATTAACTAATATAGCATTATCTGGATGAGATAATGGAATTATACCAAAAATACTTTGTAATAAGAATAATATAAATATATTATTAAATCCTTTTACATCAAGACTTAATAGATTTGGATAGAAGGGTATTTTAAAAGCTGTATCATACCCTAAAGGATTTGTGCTACCGTGTAAATGTAAAAAGAATATATGTATAAATACAATACATAGTGCTATAAAAGGAAGTATAAAATGTAATATAAAAAATCTTTTAATTGTAGGATCACTAACTGTATATCCTCCACATAACCAAATAACTAATACTGGAATTGAAGATAATAAATTAGTTATAACTGTTGCACCCCAATAACTCATTTGTCCCCAAGGTAAAACATAACCTATAAAAGCTGTTACTATAAATAATGCAAATATTACTAATCCTGATATCCATGATAAAGGTAGATATAAATATGAGTAATTTAATCCTCTTAAAATGTGTAAGTAAGTTAATAAAAATACAAGAGATGCACCTGTAGCATGCATATATCTAAAACACCATCCACTCCATAATTCTCTTAAAATATGTTGTATACTATAATATGCATAAGATATTTCTGGAGTATAACGACTAGCTAAGAATACACCTGTTAATATTTGTATAAAGAATATTATACCTAAAAGAAATCCATAATTCCATAAGAAATTAATATTTAATGGGCA
58,BC3862,cytB,sample,Plasmodium inui,HC00393139,B8,NA,consensus,0,"Plasmodium inui mitochondrial cox3, cox1, cytb genes for cytochrome oxidase subunit 3, cytochrome oxidase subunit 1, cytochrome b, partial cds, strain: ATCC 30126",Plasmodium inui,1855,1855,100%,0,100,5976,AB444111.1,1004,CCACTAGAGAAGAATATTATTATAAATAAACGACCATATAAAATGAAAATATCTTGTGGTAATTGACATCCAATCCATAATAAAGCATAGAATGAACACATAAACCATATCATTGATACTGAATATTCTCTAGCACCAAATGTCATTTTAAATTGTATTATAGTAGTTAAATTTCTTTGTTCAGCTAATAAAAATAATAATTGTAAAGATGCTAAAACAATTAATAAACCTGCTGTTTTACTAGGTATTGTTTTTAACATTGCATAAAATGGTAAAAAGTACCATTCAGGAACAATTTGAATTGGTGTAACATATGTATTAACTAATATAGCATTATCTGGATGAGATAATGGAATTATACCAAAAATACTTTGTAATAAGAATAATATAAATATATTATTAAATCCTTTTACATCAAGACTTAATAGATTTGGATAGAAGGGTATTTTTAAAGCTGTATCATACCCTAAAGGATTTGTGCTACCGTGTAAATGTAAAAAGAATATATGTATAAATACAATACATAGTGTTATAAAAGGAAGTATAAAATGTAATACAAAAAATCTTTTAATTGTAGGATCACTAACTGTATATCCTCCACATAACCAAATAACTAGTACTGGAATTGAAGATAATAAATTAGTTATAACTGTTGCACCCCAATAACTCATTTGTCCCCAAGGTAAAACATAACCTATAAAGGCTGTCACTATAAATAATGCAAATATTACTAATCCTGATATCCATGATAAAGGTAGATATAAATATGAATAGTTTAATCCTCTTAAAATGTGTAAGTAAGTTAATAAAAATACAAGAGATGCACCTGTAGCATGCATATATCTGAAACACCATCCACTCCATAATTCTCTTAAAATATGTTGTATACTATAATATGCGTAAGATATTTCGGGAGTATAACGACTAGCTAAGAATACACCTGTTAATATTTGTATAAAGAATATAATACCTAAAAGAAATCCGTAATTCCATAAGAAATTAAT
59,BC3879,cytB,sample,Plasmodium hylobati,HC00393139,C8,NA,consensus,5,"Plasmodium hylobati mitochondrial cox3, cox1, cytb genes for cytochrome oxidase subunit 3, cytochrome oxidase subunit 1, cytochrome b, complete and partial cds",Plasmodium hylobati,1716,1716,100%,0,98.36,5973,AB354573.1,978,AAATAAACGACCATATAAAATGAAAATATCTTGTGGTAATTCGACATCCAATCCATAATAGAGCATAGAATGAACACATAAACCATATCATTGGTACTGAATATTCTCTAGCACCAAATGTCATTTTAAATTGTATTATAGTAGTTAAATTTCTTTGTTCAGCTAATAAAAATAATAATTGTAAAGATGCTAAAACAATTAATAAACCTGCTGTTTTACTAGGTATTGTTTTTAACATTGCGTAAAATGGTAAAAAGTACCATTCAGGAACAATTTGAATTGGTGTAACATATGTATTAACTAGTATAGCATTATCTGGATGAGATAATGGAATTATACCAAAAATACTTTGTAGTAAGAATAATATAAATATATTGTTAAATCCTTTTACATCAAGACTTAATAGATTTGGATAGAAGGGTATTTTTAAAGCTGTATCATACCCTAAAGGATTTGTGCTACCATGTAAATGTAAGAAGAATATATGTATAAATACAATACATAATGCTACAAAAGGAAGTATAAAATGTAGTACAAAAAATCTTTTGATAGTAGGATCACTTACTGTATATCCTCCACATAACCAGATAACTAATACTGGAATTGAAGATAATAAATTAGTTATAACTGTTGCACCCCAATAACTCATTTGTCCCCAAGGTAAAACATAACCTATAAAAGCTGTAACTATAAATAATGCAAATATTACTAACCCTGATATCCATGATAAAGGTAGGTATAAATATGAATAATTTAATCCTCTTAAAATATGTAAGTAAGTTAATAAGAATACAAGAGATGCACCTGTAGCATGCATATATCTAAAACACCATCCACTCCATAATTCTCTTAAAATATGTTGTATACTATAATATGCATAAGATACTTCTGGAGTATAACGACTAGCTAAGAATACACCTGTTAATATTTGTATAAAGAATATAATACCTAAAAGAAATCCATAATTCCATAAGAAAT
60,BC3924,cytB,sample,Plasmodium coatneyi,HC00393139,D8,NA,consensus,4,"Plasmodium coatneyi mitochondrial cox3, cox1, cytb genes for cytochrome oxidase subunit 3, cytochrome oxidase subunit 1, cytochrome b, complete and partial cds",Plasmodium coatneyi,1679,1679,100%,0,99.89,5976,AB354575.1,912,GACATCCAATCCATAATAAAGCATAGAATGAACACATAAACCATATCATTGGTACTGAATATTCTCTAGCACCAAATGTCATTTTAAATTGTATTATAGTAGTTAAACTTCTTTGTTCAGCTAATAAAAATAATAATTGTAAAGATGTTAAAACAATTAATAATCCTGCTGTTTTACTAGGTATTGTTTTTAACATTGCATAAAATGGTAAAAAGTACCATTCAGGAACTATTTGAATTGGTGTAACATATGTATTGACTAATATAGCATTATCTGGATGAGATAATGGAATTATACCAAAAATACTTTGCAATAAGAATAATATAAATATATTATTAAATCCTTTAACATCAAGACTTAATAGATTTGGATAAAAGGGTATTTTTAATGCTGTATCATACCCTAAAGGATTTGTGCTACCATGTAAATGTAAAAAGAATATATGTATAAATACAATACATAATGCTACAAAAGGAAGTATAAAATGTAATACAAAAAATCTTTTTATTGTTGGATCACTTACTGTATATCCTCCACATAACCAAATAACTAGTACTGGAATTGAAGATAATAAATTTGTTATAACAGTTGCACCCCAATAACTCATTTGTCCCCAAGGTAAAACATAACCTATAAAAGCTGTAACTATAAATAATGCAAATATAATTAATCCTGATATCCATGATAAAGGTAAATATAAATATGAATAATTTAATCCTCTTAAAATATGTAAATAAGTTAATAAGAACACAAGAGATGCACCTGTAGCATGCATATATCTAAAACACCATCCACTCCATAACTCTCTTAAAATATGTTGTATACTATAATATGCATAAGAAATTTCTGGAGTATAACGACTAGCTAAAAATACACCTGTTAATATTTGTATAAAGAATATAATACCTAGAA
61,BC4635,cytB,sample,Plasmodium fieldi,HC00393139,E8,NA,consensus,2,"Plasmodium fieldi mitochondrial cox3, cox1, cytb genes for cytochrome oxidase subunit 3, cytochrome oxidase subunit 1, cytochrome b, complete and partial cds, strain: ATCC 30157",Plasmodium fieldi,1829,1829,100%,0,100,5987,AB444133.1,990,TGATATTATAAATAAACGACCATATAAAATGAAAATATCTTGTGGTAATTGACATCCAATCCATAATAAAGCATAGAATGAACACATAAACCATATCATTGGTACAGAATATTCTCTAGCACCAAATGTCATTTTAAATTGTATTATAGTAGTTAAACTTCTTTGTTCAGCTAATAGAAATAATAATTGTAAAGATGCTAAAACAATTAATAAACCTGCAGTTTTACTAGGTATTGTTTTTAACATTGCATAAAATGGTAAAAAGTACCATTCAGGAACAATTTGAATTGGTGTAACATATGTATTGACTAATATAGCATTATCTGGATGAGATAATGGAATTATACCAAAAATACTTTGTAATAAGAATAATATAAATATATTATTAAATCCTTTTACATCAAGACTTAATAGATTTGGATAGAAGGGTATTTTTAAAGCTGTATCATACCCTAAAGGATTTGTGCTACCATGTAAATGTAAAAAGAATATATGTATAAATACAATACATAATGCTACAAAAGGAAGTATAAAATGTAATACAAAAAATCTTTTAATTGTAGGATCACTTACTGTATATCCTCCACATAACCAAATAACTAATACTGGAATTGAAGATAATAAATTAGTTATAACAGTTGCACCCCAATAACTCATTTGTCCCCAAGGTAAAACATAACCTATAAAAGCTGTAACTATAAATAATGCAAATATTATTAATCCTGATATCCATGATAAAGGTAGATATAAATATGAATAATTTAATCCTCTTAAAATGTGTAAATAAGTTAATAAGAATACAAGAGATGCACCTGTAGCATGCATATATCTAAAACACCATCCACTCCATAATTCTCTTAAAATATGTTGTATACTATAATATGCATAAGATATTTCTGGAGTATAACGACTAGCTAAAAATACACCTGTTAATATTTGTATAAAAAATATAATACCTAAAAGAAATCCATAATTCCATAAGAAATTAAT
62,BC4752,cytB,sample,Plasmodium hylobati,HC00393139,F8,NA,consensus,0,"Plasmodium hylobati mitochondrial cox3, cox1, cytb genes for cytochrome oxidase subunit 3, cytochrome oxidase subunit 1, cytochrome b, complete and partial cds",Plasmodium hylobati,1784,1784,100%,0,98.52,5973,AB354573.1,1011,TAATCCACTAGAGAAGAATAATATTATAAATAAACGACCATATAAAATGAAAATATCTTGTGGTAATTGACATCCAATCCATAATAGAGCATAGAATGAACACATAAACCATATCATTGGTACTGAATATTCTCTAGCACCAAATGTCATTTTAAATTGTATTATAGTAGTTAAATTTCTTTGTTCAGCTAATAAAAATAATAATTGTAAAGATGCTAAAACAATTAATAAACCTGCTGTTTTACTAGGTATTGTTTTTAACATTGCGTAAAATGGTAAAAAGTACCATTCAGGAACAATTTGAATTGGTGTAACATATGTATTAACTAGTATAGCATTATCTGGATGAGATAATGGAATTATACCAAAAATACTTTGTAGTAAGAATAATATAAATATATTGTTAAATCCTTTTACATCAAGACTTAATAGATTTGGATAGAAGGGTATTTTTAAAGCTGTATCATACCCTAAAGGATTTGTGCTACCATGTAAATGTAAGAAGAATATATGTATAAATACAATACATAATGCTACAAAAGGAAGTATAAAATGTAGTACAAAAAATCTTTTGATAGTAGGATCACTTACTGTATATCCTCCACATAACCAGATAACTAATACTGGAATTGAAGATAATAAATTAGTTATAACTGTTGCACCCCAATAACTCATTTGTCCCCAAGGTAAAACATAACCTATAAAAGCTGTAACTATAAATAATGCAAATATTACTAACCCTGATATCCATGATAAAGGTAGGTATAAATATGAATAATTTAATCCTCTTAAAATATGTAAGTAAGTTAATAAGAATACAAGAGATGCACCTGTAGCATGCATATATCTAAAACACCATCCACTCCATAATTCTCTTAAAATATGTTGTATACTATAATATGCATAAGATACTTCTGGAGTATAACGACTAGCTAAGAATACACCTGTTAATATTTGTATAAAGAATATAATACCTAAAAGAAATCCATAATTCCATAAGAAATTAATATT
63,BC4769,cytB,sample,Plasmodium inui,HC00393139,G8,NA,consensus,4,"Plasmodium inui mitochondrial cox3, cox1, cytb genes for cytochrome oxidase subunit 3, cytochrome oxidase subunit 1, cytochrome b, complete and partial cds, strain: ATCC 30195",Plasmodium inui,1829,1829,100%,0,99.4,5981,AB444114.1,1008,TAATCCACTAGAGAAGAATATTATTATAAATAAACGACCATATAAAATGAAAATATCTTGTGGTAATTGACATCCAATCCATAATAAAGCATAGAATGAACACATAAACCATATCATTGGTACTGAATATTCTCTAGCACCAAATGTCATTTTAAATTGTATTATAGTAGTTAAATTTCTTTGTTCAGCAAATAAAAATAATAATTGTAAAGATGCTAAAACAATTAATAAACCTGCTGTTTTACTAGGTATTGTTTTTAATATTGCATAAAATGGTAAGAAGTACCATTCAGGAACAATTTGAATTGGTGTAACATATGTATTAACTAATATAGCATTATCTGGATGAGATAATGGAATTATACCAAAAATACTTTGTAATAAGAATAATATAAATATATTATTAAATCCTTTTACATCAAGACTTAATAGATTTGGATAGAAGGGTATTTTAAAAGCTGTATCATACCCTAAAGGATTTGTGCTACCGTGTAAATGTAAAAAGAATATATGTATAAATACAATACATAGTGCTATAAAAGGAAGTATAAAATGTAATATAAAAAATCTTTTAATTGTAGGATCACTAACTGTATATCCTCCACATAACCAAATAACTAATACTGGAATTGAAGATAATAAATTAGTTATAACTGTTGCACCCCAATAACTCATTTGTCCCCAAGGTAAAACATAACCTATAAAAGCTGTTACTATAAATAATGCAAATATTACTAATCCTGATATCCATGATAAAGGTAGATATAAATATGAGTAATTTAATCCTCTTAAAATGTGTAAGTAAGTTAATAAAAATACAAGAGATGCACCTGTAGCATGCATATATCTAAAACACCATCCACTCCATAATTCTCTTAAAATATGTTGTATACTATAATATGCATAAGATATTTCTGGAGTATAACGACTAGCTAAGAATACACCTGTTAATATTTGTATAAAGAATATAATACCTAAAAGAAATCCATAATTCCATAAGAAATTAAT
64,BC4777,cytB,sample,Plasmodium coatneyi,HC00393139,H8,NA,consensus,2,"Plasmodium coatneyi mitochondrial cox3, cox1, cytb genes for cytochrome oxidase subunit 3, cytochrome oxidase subunit 1, cytochrome b, complete and partial cds",Plasmodium coatneyi,1810,1810,100%,0,99.9,5976,AB354575.1,983,AAATTTCTTATGGAATTACGGATTTCTTCTAGGTATTATATTCTTTATACAAATATTAACAGGTGTATTTTTAGCTAGTCGTTATACTCCAGAAATTTCTTATGCATATTATAGTATACAACATATTTTAAGAGAGTTATGGAGTGGATGGTGTTTTAGATATATGCATGCTACAGGTGCATCTCTTGTGTTCTTATTAACTTATTTACATATTTTAAGAGGATTAAATTATTCATATTTATATTTACCTTTATCATGGATATCAGGATTAATTATATTTGCATTATTTATAGTTACAGCTTTTATAGGTTATGTTTTACCTTGGGGACAAATGAGTTATTGGGGTGCAACTGTTATAACAAATTTATTATCTTCAATTCCAGTACTAGTTATTTGGTTATGTGGAGGATATACAGTAAGTGATCCAACAATAAAAAGATTTTTTGTATTACATTTTATACTTCCTTTTGTAGCATTATGTATTGTATTTATACATATATTCTTTTTACATTTACATGGTAGCACAAATCCTTTAGGGTATGATACAGCATTAAAAATACCCTTTTATCCAAATCTATTAAGTCTTGATGTTAAAGGATTTAATAATATATTTATATTATTCTTATTGCAAAGTATTTTTGGTATAATTCCATTATCTCATCCAGATAATGCTATATTAGTCAATACATATGTTACACCAATTCAAATAGTTCCTGAATGGTACTTTTTACCATTTTATGCAATGTTAAAAACAATACCTAGTAAAACAGCAGGATTATTAATTGTTTTAACATCTTTACAATTATTATTTTTATTAGCTGAACAAAGAAGTTTAACTACTATAATACAATTTAAAATGACATTTGGTGCTAGAGAATATTCAGTACCAATGATATGGTTTATGTGTTCATTCTATGCTTTATTATGGATTGGATGTCAATTACCACAAGATATTTTCATTTTATATGGTCGTTTATTTATAA
65,BC4802,cytB,sample,Plasmodium coatneyi,HC00393139,A9,NA,consensus,8,"Plasmodium coatneyi mitochondrial cox3, cox1, cytb genes for cytochrome oxidase subunit 3, cytochrome oxidase subunit 1, cytochrome b, complete and partial cds",Plasmodium coatneyi,1714,1714,100%,0,99.57,5976,AB354575.1,940,TAGGTATTATATTCTTTATACAAATATTAACAGGTGTATTTTTAGCTAGTCGTTATACTCCAGAAATTTCTTATGCATATTATAGTATACAACATATTTTAAGAGAGTTATGGAGTGGATGGTGTTTTAGATATATGCATGCTACAGGTGCATCTCTTGTATTCTTATTAACTTATTTACATATTTTAAGAGGATTAAATTATTCATATTTATATCTACCTTTATCATGGATATCAGGATTAATTATATTTGCATTATTTATAGTTACAGCTTTTATAGGTTATGTTTTACCTTGGGGACAAATGAGTTATTGGGGTGCAACTGTTATAACAAATTTATTATCTTCAATTCCAGTATTAGTTATTTGGTTATGTGGAGGATATACAGTAAGTGATCCAACAATAAAAAGATTTTTTGTATTACATTTTATACTTCCTTTTGTAGCATTATGTATTGTATTTATACATATATTCTTTTTACATTTACATGGTAGCACAAATCCTTTAGGGTATGATACAGCATTAAAAATACCCTTTTATCCAAATCTATTAAGTCTTGATGTTAAAGGATTTAATAATATATTTATATTATTCTTATTGCAAAGTATTTTTGGTATAATTCCATTATCTCATCCAGATAATGCTATATTAGTCAATACATATGTTACACCAATTCAAATAGTTCCTGAATGGTACTTTTTACCATTTTATGCAATGTTAAAAACAATACCTAGTAAAACAGCAGGATTATTAATTGTTTTAACATCTTTACAATTATTATTTTTATTAGCTGAACAAAGAAGTTTAACTACTATAATACAATTTAAAATGACATTTGGTGCTAGAGAATATTCAGTACCAATGATATGGTTTATGTGTTCATTCTATGCTTTATTATGGATTGGATGTCAATTACCACAAGATATTTTCATTTTATATGG
66,BC4820,cytB,sample,Plasmodium coatneyi,HC00393139,B9,NA,consensus,6,"Plasmodium coatneyi mitochondrial cox3, cox1, cytb genes for cytochrome oxidase subunit 3, cytochrome oxidase subunit 1, cytochrome b, complete and partial cds",Plasmodium coatneyi,1648,1648,100%,0,99.89,5976,AB354575.1,895,CCATATAAAATGAAAATATCTTGTGGTAATTGACATCCAATCCATAATAAAGCATAGAATGAACACATAAACCATATCATTGGTACTGAATATTCTCTAGCACCAAATGTCATTTTAAATTGTATTATAGTAGTTAAACTTCTTTGTTCAGCTAATAAAAATAATAATTGTAAAGATGTTAAAACAATTAATAATCCTGCTGTTTTACTAGGTATTGTTTTTAACATTGCATAAAATGGTAAAAAGTACCATTCAGGAACTATTTGAATTGGTGTAACATATGTATTGACTAATATAGCATTATCTGGATGAGATAATGGAATTATACCAAAAATACTTTGCAATAAGAATAATATAAATATATTATTAAATCCTTTAACATCAAGACTTAATAGATTTGGATAAAAGGGTATTTTTAATGCTGTATCATACCCTAAAGGATTTGTGCTACCATGTAAATGTAAAAAGAATATATGTATAAATACAATACATAATGCTACAAAAGGAAGTATAAAATGTAATACAAAAAATCTTTTTATTGTTGGATCACTTACTGTATATCCTCCACATAACCAAATAACTAGTACTGGAATTGAAGATAATAAATTTGTTATAACAGTTGCACCCCAATAACTCATTTGTCCCCAAGGTAAAACATAACCTATAAAAGCTGTAACTATAAATAATGCAAATATAATTAATCCTGATATCCATGATAAAGGTAAATATAAATATGAATAATTTAATCCTCTTAAAATATGTAAATAAGTTAATAAGAACACAAGAGATGCACCTGTAGCATGCATATATCTAAAACACCATCCACTCCATAACTCTCTTAAAATATGTTGTATACTATAATATGCATAAGAAATTTCTGGAGTATAACGACTAG
67,BC5252,cytB,sample,Plasmodium coatneyi,HC00393139,C9,NA,consensus,6,"Plasmodium coatneyi mitochondrial cox3, cox1, cytb genes for cytochrome oxidase subunit 3, cytochrome oxidase subunit 1, cytochrome b, complete and partial cds",Plasmodium coatneyi,1644,1644,100%,0,99.78,5976,AB354575.1,897,GACATCCAATCCATAATAAAGCATAGAATGAACACATAAACCATATCATTCGGTACTGAATATTCTCTAGCACCAAATGTCATTTTAAATTGTATTATAGTAGTTAAACTTCTTTGTTCAGCTAATAAAAATAATAATTGTAAAGATGTTAAAACAATTAATAATCCTGCTGTTTTACTAGGTATTGTTTTTAACATTGCATAAAATGGTAAAAAGTACCATTCAGGAACTATTTGAATTGGTGTAACATATGTATTGACTAATATAGCATTATCTGGATGAGATAATGGAATTATACCAAAAATACTTTGCAATAAGAATAATATAAATATATTATTAAATCCTTTAACATCAAGACTTAATAGATTTGGATAAAAGGGTATTTTTAATGCTGTATCATACCCTAAAGGATTTGTGCTACCATGTAAATGTAAAAAGAATATATGTATAAATACAATACATAATGCTACAAAAGGAAGTATAAAATGTAATACAAAAAATCTTTTTATTGTTGGATCACTTACTGTATATCCTCCACATAACCAAATAACTAGTACTGGAATTGAAGATAATAAATTTGTTATAACAGTTGCACCCCAATAACTCATTTGTCCCCAAGGTAAAACATAACCTATAAAAGCTGTAACTATAAATAATGCAAATATAATTAATCCTGATATCCATGATAAAGGTAAATATAAATATGAATAATTTAATCCTCTTAAAATATGTAAATAAGTTAATAAGAACACAAGAGATGCACCTGTAGCATGCATATATCTAAAACACCATCCACTCCATAACTCTCTTAAAATATGTTGTATACTATAATATGCATAAGAAATTTCTGGAGTATAACGACTAGCTAAAAATACACCTGTTAATATTTGTATAAAG
68,BC5315,cytB,sample,Plasmodium coatneyi,HC00393139,D9,NA,consensus,6,"Plasmodium coatneyi mitochondrial cox3, cox1, cytb genes for cytochrome oxidase subunit 3, cytochrome oxidase subunit 1, cytochrome b, complete and partial cds",Plasmodium coatneyi,1736,1736,100%,0,99.89,5976,AB354575.1,943,CCATATAAAATGAAAATATCTTGTGGTAATTGACATCCAATCCATAATAAAGCATAGAATGAACACATAAACCATATCATTGGTACTGAATATTCTCTAGCACCAAATGTCATTTTAAATTGTATTATAGTAGTTAAACTTCTTTGTTCAGCTAATAAAAATAATAATTGTAAAGATGTTAAAACAATTAATAATCCTGCTGTTTTACTAGGTATTGTTTTTAACATTGCATAAAATGGTAAAAAGTACCATTCAGGAACTATTTGAATTGGTGTAACATATGTATTGACTAATATAGCATTATCTGGATGAGATAATGGAATTATACCAAAAATACTTTGCAATAAGAATAATATAAATATATTATTAAATCCTTTAACATCAAGACTTAATAGATTTGGATAAAAGGGTATTTTTAATGCTGTATCATACCCTAAAGGATTTGTGCTACCATGTAAATGTAAAAAGAATATATGTATAAATACAATACATAATGCTACAAAAGGAAGTATAAAATGTAATACAAAAAATCTTTTTATTGTTGGATCACTTACTGTATATCCTCCACATAACCAAATAACTAGTACTGGAATTGAAGATAATAAATTTGTTATAACAGTTGCACCCCAATAACTCATTTGTCCCCAAGGTAAAACATAACCTATAAAAGCTGTAACTATAAATAATGCAAATATAATTAATCCTGATATCCATGATAAAGGTAAATATAAATATGAATAATTTAATCCTCTTAAAATATGTAAATAAGTTAATAAGAACACAAGAGATGCACCTGTAGCATGCATATATCTAAAACACCATCCACTCCATAACTCTCTTAAAATATGTTGTATACTATAATATGCATAAGAAATTTCTGGAGTATAACGACTAGCTAAAAATACACCTGTTAATATTTGTATAAAGAATATAATACCTAGAA
69,BC5843,cytB,sample,Plasmodium inui,HC00393139,E9,NA,consensus,8,"Plasmodium inui isolate South China mitochondrion, complete genome",Plasmodium inui,1705,1705,100%,0,99.68,5972,HM032052.1,932,GTAATTGACATCCAATCCATAATAAAGCATAGAATGAACACATAAACCATATCATTGGTAGAGAATATTCTCTAGCACCAAATGTCATTTTAAACTGCATTATAGTAATTAAATTTCTTTGTTCAGCAAATAAAAATAATAATTGTAAAGATGCTAAAACAATTAATAAACCTGCTGTTTTACTAGGTATTGTTTTTAATATTGCATAAAATGGTAAAAAGTACCATTCAGGAACAATTTGAATTGGTGTTACATATGTATTTACTAATATAGCATTATCTGGATGAGATAATGGAATTATACCAAAAATACTTTGTAATAAGAATAATATAAATATATTATTAAATCCTTTTACATCAAGACTTAATAGATTTGGATAGAAGGGTATTTTAAAAGCTGTATCATACCCTAAAGGATTAGTGCTACCGTGTAAATGTAAAAAGAATATATGTATAAATACAATACATAGTGCTACAAAAGGAAGTATAAAATGTAATACAAAAAATCTTTTAATTGTAGGATCACTAACTGTATATCCTCCACATAACCAAATAACTAATACTGGAATTGAAGATAATAAATTAGTTATAACTGTTGCACCCCAATAACTCATTTGTCCCCAAGGTAAAACGTAACCTATAAAAGCTGTTATTATTAATAATGCAAATATTACTAATCCTGATATCCATGATAAAGGTAGATATAAATATGAATAGTTTAATCCTCTTAAAATGTGTAAGTAAGTTAATAAAAATACAAGAGATGCACCTGTAGCATGCATATATCTAAAACACCATCCACTCCATAATTCTCTTAAAATATGTTGTATACTATAATATGCATAAGACATTTCTGGAGTATAACGACTAGCTAAGAATATACCTGTTAATATTTGTATAAAGAATATAATACCTAAAAGAAATCCGTAATTC
70,BC5976,cytB,sample,Plasmodium coatneyi,HC00393139,F9,NA,consensus,2,"Plasmodium coatneyi mitochondrial cox3, cox1, cytb genes for cytochrome oxidase subunit 3, cytochrome oxidase subunit 1, cytochrome b, complete and partial cds",Plasmodium coatneyi,1807,1807,100%,0,99.9,5976,AB354575.1,981,ATAATCCACTAGAGAAGAATAATATTATAAATAAACGACCATATAAAATGAAAATATCTTGTGGTAATTGACATCCAATCCATAATAAAGCATAGAATGAACACATAAACCATATCATTGGTACTGAATATTCTCTAGCACCAAATGTCATTTTAAATTGTATTATAGTAGTTAAACTTCTTTGTTCAGCTAATAAAAATAATAATTGTAAAGATGTTAAAACAATTAATAATCCTGCTGTTTTACTAGGTATTGTTTTTAACATTGCATAAAATGGTAAAAAGTACCATTCAGGAACTATTTGAATTGGTGTAACATATGTATTGACTAATATAGCATTATCTGGATGAGATAATGGAATTATACCAAAAATACTTTGCAATAAGAATAATATAAATATATTATTAAATCCTTTAACATCAAGACTTAATAGATTTGGATAAAAGGGTATTTTTAATGCTGTATCATACCCTAAAGGATTTGTGCTACCATGTAAATGTAAAAAGAATATATGTATAAATACAATACATAATGCTACAAAAGGAAGTATAAAATGTAATACAAAAAATCTTTTTATTGTTGGATCACTTACTGTATATCCTCCACATAACCAAATAACTAGTACTGGAATTGAAGATAATAAATTTGTTATAACAGTTGCACCCCAATAACTCATTTGTCCCCAAGGTAAAACATAACCTATAAAAGCTGTAACTATAAATAATGCAAATATAATTAATCCTGATATCCATGATAAAGGTAAATATAAATATGAATAATTTAATCCTCTTAAAATATGTAAATAAGTTAATAAGAACACAAGAGATGCACCTGTAGCATGCATATATCTAAAACACCATCCACTCCATAACTCTCTTAAAATATGTTGTATACTATAATATGCATAAGAAATTTCTGGAGTATAACGACTAGCTAAAAATACACCTGTTAATATTTGTATAAAGAATATAATACCTAGAA
71,BC6053,cytB,sample,Plasmodium inui,HC00393139,G9,NA,consensus,2,"Plasmodium inui isolate South China mitochondrion, complete genome",Plasmodium inui,1814,1814,100%,0,99.9,5972,HM032052.1,985,ATAAATTTCTTATGGAATTACGGATTTCTTTTAGGTATTATATTCTTTATACAAATATTAACAGGTATATTCTTAGCTAGTCGTTATACTCCAGAAATGTCTTATGCATATTATAGTATACAACATATTTTAAGAGAATTATGGAGTGGATGGTGTTTTAGATATATGCATGCTACAGGTGCATCTCTTGTATTTTTATTAACTTACTTACACATTTTAAGAGGATTAAACTATTCATATTTATATCTACCTTTATCATGGATATCAGGATTAGTAATATTTGCATTATTAATAATAACAGCTTTTATAGGTTACGTTTTACCTTGGGGACAAATGAGTTATTGGGGTGCAACAGTTATAACTAATTTATTATCTTCAATTCCAGTATTAGTTATTTGGTTATGTGGAGGATATACAGTTAGTGATCCTACAATTAAAAGATTTTTTGTATTACATTTTATACTTCCTTTTGTAGCACTATGTATTGTATTTATACATATATTCTTTTTACATTTACACGGTAGCACTAATCCTTTAGGGTATGATACAGCTTTTAAAATACCCTTCTATCCAAATCTATTAAGTCTTGATGTAAAAGGATTTAATAATATATTTATATTATTCTTATTACAAAGTATTTTTGGTATAATTCCATTATCTCATCCAGATAATGCTATATTAGTAAATACATATGTAACACCAATTCAAATTGTTCCTGAATGGTACTTTTTACCATTTTATGCAATATTAAAAACAATACCTAGTAAAACAGCAGGTTTATTAATTGTTTTAGCATCTTTACAATTATTATTTTTATTTGCTGAACAAAGAAATTTAACTACTATAATACAGTTTAAAATGACATTTGGTGCTAGAGAATATTCTCTACCAATGATATGGTTTATGTGTTCATTCTATGCTTTATTATGGATTGGATGTCAATTACCACAAGATATTTTCATTTTATATGGTCGTTTATTTATAA
72,BC6059,cytB,sample,Plasmodium inui,HC00393139,H9,NA,consensus,2,"Plasmodium inui mitochondrial cox3, cox1, cytb genes for cytochrome oxidase subunit 3, cytochrome oxidase subunit 1, cytochrome b, complete and partial cds, strain: ATCC 30195",Plasmodium inui,1832,1832,100%,0,99.41,5981,AB444114.1,1010,AATAATCCACTAGAGAAGAATATTATTATAAATAAACGACCATATAAAATGAAAATATCTTGTGGTAATTGACATCCAATCCATAATAAAGCATAGAATGAACACATAAACCATATCATTGGTACTGAATATTCTCTAGCACCAAATGTCATTTTAAATTGTATTATAGTAGTTAAATTTCTTTGTTCAGCAAATAAAAATAATAATTGTAAAGATGCTAAAACAATTAATAAACCTGCTGTTTTACTAGGTATTGTTTTTAATATTGCATAAAATGGTAAGAAGTACCATTCAGGAACAATTTGAATTGGTGTAACATATGTATTAACTAATATAGCATTATCTGGATGAGATAATGGAATTATACCAAAAATACTTTGTAATAAGAATAATATAAATATATTATTAAATCCTTTTACATCAAGACTTAATAGATTTGGATAGAAGGGTATTTTAAAAGCTGTATCATACCCTAAAGGATTTGTGCTACCGTGTAAATGTAAAAAGAATATATGTATAAATACAATACATAGTGCTATAAAAGGAAGTATAAAATGTAATATAAAAAATCTTTTAATTGTAGGATCACTAACTGTATATCCTCCACATAACCAAATAACTAATACTGGAATTGAAGATAATAAATTAGTTATAACTGTTGCACCCCAATAACTCATTTGTCCCCAAGGTAAAACATAACCTATAAAAGCTGTTACTATAAATAATGCAAATATTACTAATCCTGATATCCATGATAAAGGTAGATATAAATATGAGTAATTTAATCCTCTTAAAATGTGTAAGTAAGTTAATAAAAATACAAGAGATGCACCTGTAGCATGCATATATCTAAAACACCATCCACTCCATAATTCTCTTAAAATATGTTGTATACTATAATATGCATAAGATATTTCTGGAGTATAACGACTAGCTAAGAATACACCTGTTAATATTTGTATAAAGAATATAATACCTAAAAGAAATCCATAATTCCATAAGAAATTAAT
